2026-02-18 12:43:27 |WARNING |Bot initialized in PRODUCTION mode. REAL FUNDS AT RISK.
2026-02-18 12:43:27 |INFO |Bot starting... ChainID: 42161
2026-02-18 12:43:27 |CRITICAL |KILL SWITCH FOUND ON STARTUP. STOPPING.
2026-02-18 12:44:17 |WARNING |Bot initialized in PRODUCTION mode. REAL FUNDS AT RISK.
2026-02-18 12:44:17 |INFO |Bot starting... ChainID: 42161
2026-02-18 12:44:17 |INFO |Loading 1 pools 
2026-02-18 12:44:20 |INFO |✅ Pool loaded: UNI-V2 | Tokens: 0x82aF49447D8a07e3bd95BD0d56f35241523fBab1 - 0xFF970A61A04b1cA14834A43f5dE4533eBDDB5CC8
2026-02-18 12:44:20 |INFO |Initializing router with 1 pairs
2026-02-18 12:44:22 |ERROR |Wrap ETH failed: {'code': -32601, 'message': 'the method eth_sendTransaction does not exist/is not available'}
2026-02-18 12:44:24 |ERROR |Approve failed: {'code': -32601, 'message': 'the method eth_sendTransaction does not exist/is not available'}
2026-02-18 12:44:25 |ERROR |Error fetching prices: Simulation failed: {'code': -32000, 'message': 'insufficient funds for transfer'}
2026-02-18 12:44:25 |INFO |Starting pricing engine...
2026-02-18 12:44:25 |INFO |Connecting to Mempool: wss://arbitrum-one-rpc.publicnode.com
2026-02-18 12:44:25 |INFO |Subscription response: {"jsonrpc":"2.0","result":"0x3cda59b3ca4099d04d7f8f7e35d72257","id":1}

2026-02-18 12:44:26 |CRITICAL |KILL SWITCH ACTIVE - STOPPING
2026-02-18 12:44:26 |INFO |Bot stopping...
2026-02-18 13:10:50 |WARNING |Bot initialized in PRODUCTION mode. REAL FUNDS AT RISK.
2026-02-18 13:10:50 |INFO |Bot starting... ChainID: 42161
2026-02-18 13:10:50 |INFO |Loading 1 pools 
2026-02-18 13:10:52 |INFO |✅ Pool loaded: UNI-V2 | Tokens: 0x82aF49447D8a07e3bd95BD0d56f35241523fBab1 - 0xFF970A61A04b1cA14834A43f5dE4533eBDDB5CC8
2026-02-18 13:10:52 |INFO |Initializing router with 1 pairs
2026-02-18 13:10:56 |ERROR |Wrap ETH failed: {'code': -32601, 'message': 'the method eth_sendTransaction does not exist/is not available'}
2026-02-18 13:10:58 |ERROR |Approve failed: {'code': -32601, 'message': 'the method eth_sendTransaction does not exist/is not available'}
2026-02-18 13:10:59 |ERROR |Error fetching prices: Simulation failed: {'code': -32000, 'message': 'insufficient funds for transfer'}
2026-02-18 13:10:59 |INFO |Starting pricing engine...
2026-02-18 13:10:59 |INFO |Connecting to Mempool: wss://arbitrum-one-rpc.publicnode.com
2026-02-18 13:10:59 |INFO |Subscription response: {"jsonrpc":"2.0","result":"0xeda68d31ec328979b34076409b6e404f","id":1}

2026-02-18 13:11:00 |CRITICAL |KILL SWITCH ACTIVE - STOPPING
2026-02-18 13:11:00 |INFO |Bot stopping...
2026-02-18 14:50:59 |WARNING |Bot initialized in PRODUCTION mode. REAL FUNDS AT RISK.
2026-02-18 14:50:59 |INFO |Bot starting... ChainID: 42161
2026-02-18 14:50:59 |INFO |Loading 1 pools 
2026-02-18 14:51:01 |INFO |✅ Pool loaded: UNI-V2 | Tokens: 0x82aF49447D8a07e3bd95BD0d56f35241523fBab1 - 0xFF970A61A04b1cA14834A43f5dE4533eBDDB5CC8
2026-02-18 14:51:01 |INFO |Initializing router with 1 pairs
2026-02-18 14:51:05 |INFO |Approving 0x82aF49447D8a07e3bd95BD0d56f35241523fBab1 for router (Local Sign)...
2026-02-18 14:51:06 |ERROR |Signed Approve failed: SignedTransaction.__new__() missing 4 required positional arguments: 'hash', 'r', 's', and 'v'
2026-02-18 14:51:06 |ERROR |Error fetching prices: Simulation failed: ('execution reverted', '0x')
2026-02-18 14:51:06 |INFO |Starting pricing engine...
2026-02-18 14:51:06 |INFO |Connecting to Mempool: wss://arbitrum-one-rpc.publicnode.com
2026-02-18 14:51:07 |INFO |Subscription response: {"jsonrpc":"2.0","result":"0x57d5006518e41cc7dbd43ab9b19858a4","id":1}

2026-02-18 14:51:08 |INFO |Approving 0x82aF49447D8a07e3bd95BD0d56f35241523fBab1 for router (Local Sign)...
2026-02-18 14:51:09 |ERROR |Signed Approve failed: SignedTransaction.__new__() missing 4 required positional arguments: 'hash', 'r', 's', and 'v'
2026-02-18 14:51:09 |ERROR |Error fetching prices: Simulation failed: {'code': -32000, 'message': 'failed with 500000 gas: max fee per gas less than block base fee: address 0x74be7c8667F6E23e2845E6bE8A093EbFacEa4476, maxFeePerGas: 20118000, baseFee: 20400000'}
2026-02-18 14:51:10 |CRITICAL |KILL SWITCH ACTIVE - STOPPING
2026-02-18 14:51:11 |INFO |Bot stopping...
2026-02-18 15:07:22 |WARNING |Bot initialized in PRODUCTION mode. REAL FUNDS AT RISK.
2026-02-18 15:07:22 |INFO |Bot starting... ChainID: 42161
2026-02-18 15:07:22 |INFO |Loading 1 pools 
2026-02-18 15:07:24 |INFO |✅ Pool loaded: UNI-V2 | Tokens: 0x82aF49447D8a07e3bd95BD0d56f35241523fBab1 - 0xFF970A61A04b1cA14834A43f5dE4533eBDDB5CC8
2026-02-18 15:07:24 |INFO |Initializing router with 1 pairs
2026-02-18 15:07:25 |INFO |Wrapping 0.0010 ETH (Local Sign)...
2026-02-18 15:07:25 |ERROR |Signed Wrap failed: 'from'
2026-02-18 15:07:25 |INFO |Approving 0x82aF49447D8a07e3bd95BD0d56f35241523fBab1 for router (Local Sign)...
2026-02-18 15:07:25 |ERROR |Signed Approve failed: 'from'
2026-02-18 15:07:26 |ERROR |Error fetching prices: Simulation failed: Estimate failed: ('execution reverted', '0x')
2026-02-18 15:07:26 |INFO |Starting pricing engine...
2026-02-18 15:07:26 |INFO |Connecting to Mempool: wss://arbitrum-one-rpc.publicnode.com
2026-02-18 15:07:26 |INFO |Subscription response: {"jsonrpc":"2.0","result":"0xbb9bbf566944860c7227f5fa26a3e17e","id":1}

2026-02-18 15:07:27 |CRITICAL |KILL SWITCH ACTIVE - STOPPING
2026-02-18 15:07:27 |INFO |Bot stopping...
2026-02-18 15:11:11 |WARNING |Bot initialized in PRODUCTION mode. REAL FUNDS AT RISK.
2026-02-18 15:11:11 |INFO |Bot starting... ChainID: 42161
2026-02-18 15:11:11 |INFO |Loading 1 pools 
2026-02-18 15:11:13 |INFO |✅ Pool loaded: UNI-V2 | Tokens: 0x82aF49447D8a07e3bd95BD0d56f35241523fBab1 - 0xFF970A61A04b1cA14834A43f5dE4533eBDDB5CC8
2026-02-18 15:11:13 |INFO |Initializing router with 1 pairs
2026-02-18 15:11:14 |INFO |Wrapping 0.0010 ETH (Local Sign)...
2026-02-18 15:11:14 |ERROR |Signed transaction failed: Transaction must not include unrecognized fields: {'chainID'}. Params: {'to': '0x82aF49447D8a07e3bd95BD0d56f35241523fBab1', 'data': b'\xd0\xe3\r\xb0', 'gas': 200000, 'value': 1010000000000000, 'nonce': 0, 'chainID': 42161, 'gasPrice': 27153900}
2026-02-18 15:11:14 |ERROR |Signed Wrap failed: Transaction must not include unrecognized fields: {'chainID'}
2026-02-18 15:11:15 |INFO |Approving 0x82aF49447D8a07e3bd95BD0d56f35241523fBab1 for router (Local Sign)...
2026-02-18 15:11:15 |ERROR |Signed transaction failed: Transaction must not include unrecognized fields: {'chainID'}. Params: {'to': '0x82aF49447D8a07e3bd95BD0d56f35241523fBab1', 'data': b'\t^\xa7\xb3\x00\x00\x00\x00\x00\x00\x00\x00\x00\x00\x00\x00z%\rV0\xb4\xcfS\x979\xdf,]\xac\xb4\xc6Y\xf2H\x8d\xff\xff\xff\xff\xff\xff\xff\xff\xff\xff\xff\xff\xff\xff\xff\xff\xff\xff\xff\xff\xff\xff\xff\xff\xff\xff\xff\xff\xff\xff\xff\xff', 'gas': 200000, 'nonce': 0, 'chainID': 42161, 'gasPrice': 27229500}
2026-02-18 15:11:15 |ERROR |Signed Approve failed: Transaction must not include unrecognized fields: {'chainID'}
2026-02-18 15:11:16 |ERROR |Error fetching prices: Simulation failed: Estimate failed: ('execution reverted', '0x')
2026-02-18 15:11:16 |INFO |Starting pricing engine...
2026-02-18 15:11:16 |INFO |Connecting to Mempool: wss://arbitrum-one-rpc.publicnode.com
2026-02-18 15:11:16 |INFO |Subscription response: {"jsonrpc":"2.0","result":"0x1389863e2e3d65d43c17afb85f654577","id":1}

2026-02-18 15:11:17 |CRITICAL |KILL SWITCH ACTIVE - STOPPING
2026-02-18 15:11:17 |INFO |Bot stopping...
2026-02-18 15:13:30 |WARNING |Bot initialized in PRODUCTION mode. REAL FUNDS AT RISK.
2026-02-18 15:13:30 |INFO |Bot starting... ChainID: 42161
2026-02-18 15:13:30 |CRITICAL |KILL SWITCH FOUND ON STARTUP. STOPPING.
2026-02-18 15:13:40 |WARNING |Bot initialized in PRODUCTION mode. REAL FUNDS AT RISK.
2026-02-18 15:13:40 |INFO |Bot starting... ChainID: 42161
2026-02-18 15:13:40 |INFO |Loading 1 pools 
2026-02-18 15:13:41 |INFO |✅ Pool loaded: UNI-V2 | Tokens: 0x82aF49447D8a07e3bd95BD0d56f35241523fBab1 - 0xFF970A61A04b1cA14834A43f5dE4533eBDDB5CC8
2026-02-18 15:13:41 |INFO |Initializing router with 1 pairs
2026-02-18 15:13:45 |INFO |Wrapping 0.0010 ETH (Local Sign)...
2026-02-18 15:13:45 |ERROR |Send Raw Tx failed: SignedTransaction.__new__() missing 4 required positional arguments: 'hash', 'r', 's', and 'v'
2026-02-18 15:13:45 |ERROR |Signed Wrap failed: SignedTransaction.__new__() missing 4 required positional arguments: 'hash', 'r', 's', and 'v'
2026-02-18 15:13:46 |INFO |Approving 0x82aF49447D8a07e3bd95BD0d56f35241523fBab1 for router (Local Sign)...
2026-02-18 15:13:46 |ERROR |Send Raw Tx failed: SignedTransaction.__new__() missing 4 required positional arguments: 'hash', 'r', 's', and 'v'
2026-02-18 15:13:46 |ERROR |Signed Approve failed: SignedTransaction.__new__() missing 4 required positional arguments: 'hash', 'r', 's', and 'v'
2026-02-18 15:13:47 |ERROR |Error fetching prices: Simulation failed: Estimate failed: ('execution reverted', '0x')
2026-02-18 15:13:47 |INFO |Starting pricing engine...
2026-02-18 15:13:47 |INFO |Connecting to Mempool: wss://arbitrum-one-rpc.publicnode.com
2026-02-18 15:13:47 |INFO |Subscription response: {"jsonrpc":"2.0","result":"0x2fe2a35dba2260c7cb0b82ba77a0b906","id":1}

2026-02-18 15:13:48 |CRITICAL |KILL SWITCH ACTIVE - STOPPING
2026-02-18 15:13:48 |INFO |Bot stopping...
2026-02-18 15:16:40 |WARNING |Bot initialized in PRODUCTION mode. REAL FUNDS AT RISK.
2026-02-18 15:16:40 |INFO |Bot starting... ChainID: 42161
2026-02-18 15:16:40 |INFO |Loading 1 pools 
2026-02-18 15:16:41 |INFO |✅ Pool loaded: UNI-V2 | Tokens: 0x82aF49447D8a07e3bd95BD0d56f35241523fBab1 - 0xFF970A61A04b1cA14834A43f5dE4533eBDDB5CC8
2026-02-18 15:16:41 |INFO |Initializing router with 1 pairs
2026-02-18 15:16:43 |INFO |Wrapping 0.0010 ETH (Local Sign)...
2026-02-18 15:16:43 |ERROR |Send Raw Tx failed: 'SignedTransaction' object has no attribute 'rawTransaction'
2026-02-18 15:16:43 |ERROR |Signed Wrap failed: 'SignedTransaction' object has no attribute 'rawTransaction'
2026-02-18 15:16:43 |INFO |Approving 0x82aF49447D8a07e3bd95BD0d56f35241523fBab1 for router (Local Sign)...
2026-02-18 15:16:44 |ERROR |Send Raw Tx failed: 'SignedTransaction' object has no attribute 'rawTransaction'
2026-02-18 15:16:44 |ERROR |Signed Approve failed: 'SignedTransaction' object has no attribute 'rawTransaction'
2026-02-18 15:16:45 |ERROR |Error fetching prices: Simulation failed: Estimate failed: ('execution reverted', '0x')
2026-02-18 15:16:45 |INFO |Starting pricing engine...
2026-02-18 15:16:45 |INFO |Connecting to Mempool: wss://arbitrum-one-rpc.publicnode.com
2026-02-18 15:16:45 |INFO |Subscription response: {"jsonrpc":"2.0","result":"0x5e91ad23e8c9cc01fd7ff0a6068d15a5","id":1}

2026-02-18 15:16:46 |CRITICAL |KILL SWITCH ACTIVE - STOPPING
2026-02-18 15:16:46 |INFO |Bot stopping...
2026-02-18 15:18:29 |WARNING |Bot initialized in PRODUCTION mode. REAL FUNDS AT RISK.
2026-02-18 15:18:29 |INFO |Bot starting... ChainID: 42161
2026-02-18 15:18:29 |INFO |Loading 1 pools 
2026-02-18 15:18:31 |INFO |✅ Pool loaded: UNI-V2 | Tokens: 0x82aF49447D8a07e3bd95BD0d56f35241523fBab1 - 0xFF970A61A04b1cA14834A43f5dE4533eBDDB5CC8
2026-02-18 15:18:31 |INFO |Initializing router with 1 pairs
2026-02-18 15:18:33 |INFO |Wrapping 0.0010 ETH (Local Sign)...
2026-02-18 15:18:34 |INFO |Sent signed tx: 1e41314f293b95eda1b71381d41b262cecb66eaf61ae759f6a428867c17deadf
2026-02-18 15:18:34 |INFO |✅ Wrap successful
2026-02-18 15:18:35 |INFO |Approving 0x82aF49447D8a07e3bd95BD0d56f35241523fBab1 for router (Local Sign)...
2026-02-18 15:18:36 |INFO |Sent signed tx: 60477d78b5ec4b8b96ce8da1a179daa97f5399d7d3c5758d595ad29bc9c8e055
2026-02-18 15:18:37 |ERROR |Error fetching prices: Simulation failed: Estimate failed: ('execution reverted', '0x')
2026-02-18 15:18:37 |INFO |Starting pricing engine...
2026-02-18 15:18:37 |INFO |Connecting to Mempool: wss://arbitrum-one-rpc.publicnode.com
2026-02-18 15:18:37 |INFO |Subscription response: {"jsonrpc":"2.0","result":"0xe1870070cedb609634421158b4e4cc6a","id":1}

2026-02-18 15:18:40 |ERROR |Error fetching prices: Simulation failed: Estimate failed: ('execution reverted', '0x')
2026-02-18 15:18:41 |CRITICAL |KILL SWITCH ACTIVE - STOPPING
2026-02-18 15:18:41 |INFO |Bot stopping...
2026-02-18 15:22:59 |WARNING |Bot initialized in PRODUCTION mode. REAL FUNDS AT RISK.
2026-02-18 15:22:59 |INFO |Bot starting... ChainID: 42161
2026-02-18 15:22:59 |INFO |Loading 1 pools 
2026-02-18 15:23:01 |INFO |✅ Pool loaded: UNI-V2 | Tokens: 0x82aF49447D8a07e3bd95BD0d56f35241523fBab1 - 0xFF970A61A04b1cA14834A43f5dE4533eBDDB5CC8
2026-02-18 15:23:01 |INFO |Initializing router with 1 pairs
2026-02-18 15:23:02 |INFO |Approving 0x82aF49447D8a07e3bd95BD0d56f35241523fBab1 for router (Local Sign)...
2026-02-18 15:23:03 |INFO |Sent signed tx: 863520017b2120f33a405ad3c745c4027a3c1864254427ebd4489dfa0174c4a5
2026-02-18 15:23:06 |INFO |Approving 0xFF970A61A04b1cA14834A43f5dE4533eBDDB5CC8 for router (Local Sign)...
2026-02-18 15:23:06 |INFO |Sent signed tx: 61547b06dfe6dfe4782f55958e8c4ec95731924bb500148b2c7d9f2217d185ed
2026-02-18 15:23:08 |ERROR |Error fetching prices: Simulation failed: Estimate failed: ('execution reverted: TransferHelper: TRANSFER_FROM_FAILED', '0x08c379a0000000000000000000000000000000000000000000000000000000000000002000000000000000000000000000000000000000000000000000000000000000245472616e7366657248656c7065723a205452414e534645525f46524f4d5f4641494c454400000000000000000000000000000000000000000000000000000000')
2026-02-18 15:23:08 |INFO |Starting pricing engine...
2026-02-18 15:23:08 |INFO |Connecting to Mempool: wss://arbitrum-one-rpc.publicnode.com
2026-02-18 15:23:08 |INFO |Subscription response: {"jsonrpc":"2.0","result":"0xa36360824bf78b3d86c2fffc85004b3a","id":1}

2026-02-18 15:23:09 |CRITICAL |KILL SWITCH ACTIVE - STOPPING
2026-02-18 15:23:09 |INFO |Bot stopping...
2026-02-18 15:28:26 |WARNING |Bot initialized in PRODUCTION mode. REAL FUNDS AT RISK.
2026-02-18 15:28:26 |INFO |Bot starting... ChainID: 42161
2026-02-18 15:28:26 |INFO |Loading 1 pools 
2026-02-18 15:28:27 |INFO |✅ Pool loaded: UNI-V2 | Tokens: 0x82aF49447D8a07e3bd95BD0d56f35241523fBab1 - 0xFF970A61A04b1cA14834A43f5dE4533eBDDB5CC8
2026-02-18 15:28:27 |INFO |Initializing router with 1 pairs
2026-02-18 15:28:31 |ERROR |Error fetching prices: Simulation failed: Estimate failed: ('execution reverted: TransferHelper: TRANSFER_FROM_FAILED', '0x08c379a0000000000000000000000000000000000000000000000000000000000000002000000000000000000000000000000000000000000000000000000000000000245472616e7366657248656c7065723a205452414e534645525f46524f4d5f4641494c454400000000000000000000000000000000000000000000000000000000')
2026-02-18 15:28:31 |INFO |Starting pricing engine...
2026-02-18 15:28:31 |INFO |Connecting to Mempool: wss://arbitrum-one-rpc.publicnode.com
2026-02-18 15:28:32 |INFO |Subscription response: {"jsonrpc":"2.0","result":"0x127ce231c13056c9fc6fa396243645b0","id":1}

2026-02-18 15:28:36 |ERROR |Error fetching prices: Simulation failed: Estimate failed: ('execution reverted: TransferHelper: TRANSFER_FROM_FAILED', '0x08c379a0000000000000000000000000000000000000000000000000000000000000002000000000000000000000000000000000000000000000000000000000000000245472616e7366657248656c7065723a205452414e534645525f46524f4d5f4641494c454400000000000000000000000000000000000000000000000000000000')
2026-02-18 15:28:42 |ERROR |Error fetching prices: Simulation failed: Estimate failed: ('execution reverted: TransferHelper: TRANSFER_FROM_FAILED', '0x08c379a0000000000000000000000000000000000000000000000000000000000000002000000000000000000000000000000000000000000000000000000000000000245472616e7366657248656c7065723a205452414e534645525f46524f4d5f4641494c454400000000000000000000000000000000000000000000000000000000')
2026-02-18 15:28:43 |CRITICAL |KILL SWITCH ACTIVE - STOPPING
2026-02-18 15:28:43 |INFO |Bot stopping...
2026-02-18 15:30:41 |WARNING |Bot initialized in PRODUCTION mode. REAL FUNDS AT RISK.
2026-02-18 15:30:41 |INFO |Bot starting... ChainID: 42161
2026-02-18 15:30:41 |INFO |Loading 1 pools 
2026-02-18 15:30:42 |INFO |✅ Pool loaded: UNI-V2 | Tokens: 0x82aF49447D8a07e3bd95BD0d56f35241523fBab1 - 0xFF970A61A04b1cA14834A43f5dE4533eBDDB5CC8
2026-02-18 15:30:42 |INFO |Initializing router with 1 pairs
2026-02-18 15:30:46 |ERROR |Error fetching prices: Simulation failed: Skipped: Insufficient balance of 0xFF970A61A04b1cA14834A43f5dE4533eBDDB5CC8. Have: 0.0000, Need: 1.9803
2026-02-18 15:30:46 |INFO |Starting pricing engine...
2026-02-18 15:30:46 |INFO |Connecting to Mempool: wss://arbitrum-one-rpc.publicnode.com
2026-02-18 15:30:46 |INFO |Subscription response: {"jsonrpc":"2.0","result":"0x0cd20b861a94eee70af3238c0daef618","id":1}

2026-02-18 15:30:50 |ERROR |Error fetching prices: Simulation failed: Skipped: Insufficient balance of 0xFF970A61A04b1cA14834A43f5dE4533eBDDB5CC8. Have: 0.0000, Need: 1.9806
2026-02-18 15:30:51 |CRITICAL |KILL SWITCH ACTIVE - STOPPING
2026-02-18 15:30:51 |INFO |Bot stopping...
2026-02-18 15:41:58 |WARNING |Bot initialized in PRODUCTION mode. REAL FUNDS AT RISK.
2026-02-18 15:41:58 |INFO |Bot starting... ChainID: 42161
2026-02-18 15:41:58 |INFO |Loading 1 pools 
2026-02-18 15:41:59 |INFO |✅ Pool loaded: UNI-V2 | Tokens: 0x82aF49447D8a07e3bd95BD0d56f35241523fBab1 - 0xFF970A61A04b1cA14834A43f5dE4533eBDDB5CC8
2026-02-18 15:41:59 |INFO |Initializing router with 1 pairs
2026-02-18 15:42:05 |INFO |Starting pricing engine...
2026-02-18 15:42:05 |INFO |Connecting to Mempool: wss://arbitrum-one-rpc.publicnode.com
2026-02-18 15:42:05 |INFO |Subscription response: {"jsonrpc":"2.0","result":"0xb21836689f60dc68413542dba48468df","id":1}

2026-02-18 15:43:46 |CRITICAL |KILL SWITCH ACTIVE - STOPPING
2026-02-18 15:43:46 |INFO |Bot stopping...
2026-02-18 15:43:59 |WARNING |Bot initialized in PRODUCTION mode. REAL FUNDS AT RISK.
2026-02-18 15:43:59 |INFO |Bot starting... ChainID: 42161
2026-02-18 15:43:59 |INFO |Loading 1 pools 
2026-02-18 15:44:01 |INFO |✅ Pool loaded: UNI-V2 | Tokens: 0x82aF49447D8a07e3bd95BD0d56f35241523fBab1 - 0xFF970A61A04b1cA14834A43f5dE4533eBDDB5CC8
2026-02-18 15:44:01 |INFO |Initializing router with 1 pairs
2026-02-18 15:44:06 |INFO |Starting pricing engine...
2026-02-18 15:44:06 |INFO |Connecting to Mempool: wss://arbitrum-one-rpc.publicnode.com
2026-02-18 15:44:06 |INFO |Subscription response: {"jsonrpc":"2.0","result":"0x2411f02653b1ba04718d356e5e428c38","id":1}

2026-02-18 15:45:41 |INFO |Bot stopped by user
2026-02-18 15:51:11 |WARNING |Bot initialized in PRODUCTION mode. REAL FUNDS AT RISK.
2026-02-18 15:51:11 |INFO |Bot starting... ChainID: 42161
2026-02-18 15:51:11 |INFO |Loading 1 pools 
2026-02-18 15:51:13 |INFO |✅ Pool loaded: UNI-V2 | Tokens: 0x82aF49447D8a07e3bd95BD0d56f35241523fBab1 - 0xFF970A61A04b1cA14834A43f5dE4533eBDDB5CC8
2026-02-18 15:51:13 |INFO |Initializing router with 1 pairs
2026-02-18 15:51:13 |INFO |DEBUG: Syncing balances (Possible blocking point)...
2026-02-18 15:51:13 |INFO |DEBUG: Fetching CEX balances...
2026-02-18 15:51:13 |INFO |Starting pricing engine...
2026-02-18 15:51:13 |INFO |Connecting to Mempool: wss://arbitrum-one-rpc.publicnode.com
2026-02-18 15:51:13 |INFO |DEBUG: Updating inventory...
2026-02-18 15:51:13 |INFO |DEBUG: Balances updated.
2026-02-18 15:51:13 |INFO |DEBUG: Balances synced. Entering main loop...
2026-02-18 15:51:13 |INFO |DEBUG: Tick start...
2026-02-18 15:51:13 |INFO |DEBUG: Generating signal for ETH/USDC...
2026-02-18 15:51:13 |INFO |Subscription response: {"jsonrpc":"2.0","result":"0x9ae58b1ee43526c3fb78e8e181e82208","id":1}

2026-02-18 15:51:18 |INFO |DEBUG: No signal generated (Spread too low or negative?)
2026-02-18 15:51:18 |INFO |DEBUG: Tick end. Sleeping 1s...
2026-02-18 15:51:19 |INFO |DEBUG: Tick start...
2026-02-18 15:51:19 |INFO |DEBUG: Generating signal for ETH/USDC...
2026-02-18 15:51:24 |INFO |DEBUG: No signal generated (Spread too low or negative?)
2026-02-18 15:51:24 |INFO |DEBUG: Tick end. Sleeping 1s...
2026-02-18 15:51:25 |INFO |DEBUG: Tick start...
2026-02-18 15:51:25 |INFO |DEBUG: Generating signal for ETH/USDC...
2026-02-18 15:51:30 |INFO |DEBUG: No signal generated (Spread too low or negative?)
2026-02-18 15:51:30 |INFO |DEBUG: Tick end. Sleeping 1s...
2026-02-18 15:51:31 |INFO |DEBUG: Tick start...
2026-02-18 15:51:31 |CRITICAL |KILL SWITCH ACTIVE - STOPPING
2026-02-18 15:51:31 |INFO |Bot stopping...
2026-02-18 15:51:31 |INFO |DEBUG: Tick end. Sleeping 1s...

2026-02-18 15:57:38 |WARNING |Bot initialized in PRODUCTION mode. REAL FUNDS AT RISK.
2026-02-18 15:57:38 |INFO |Bot starting... ChainID: 42161
2026-02-18 15:57:38 |INFO |Loading 1 pools 
2026-02-18 15:57:39 |INFO |✅ Pool loaded: UNI-V2 | Tokens: 0x82aF49447D8a07e3bd95BD0d56f35241523fBab1 - 0xFF970A61A04b1cA14834A43f5dE4533eBDDB5CC8
2026-02-18 15:57:39 |INFO |Initializing router with 1 pairs
2026-02-18 15:57:39 |INFO |DEBUG: Syncing balances (Possible blocking point)...
2026-02-18 15:57:39 |INFO |DEBUG: Fetching CEX balances...
2026-02-18 15:57:39 |INFO |Starting pricing engine...
2026-02-18 15:57:39 |INFO |Connecting to Mempool: wss://arbitrum-one-rpc.publicnode.com
2026-02-18 15:57:40 |INFO |DEBUG: Updating inventory...
2026-02-18 15:57:40 |INFO |DEBUG: Balances updated.
2026-02-18 15:57:40 |INFO |DEBUG: Balances synced. Entering main loop...
2026-02-18 15:57:40 |INFO |DEBUG: Tick start...
2026-02-18 15:57:40 |INFO |DEBUG: Generating signal for ETH/USDC...
2026-02-18 15:57:40 |INFO |Subscription response: {"jsonrpc":"2.0","result":"0xccce41b4fb0040d65b8178a5cd85ffba","id":1}

2026-02-18 15:57:45 |INFO |DEBUG PRICE: ETH/USDC | Size: 0.001 | CEX 1990.63/1990.64 | DEX Buy:2000.62 Sell:1988.61 | Sprd A (C->D): -10.22bps | Sprd B (D->C): -49.93bps
2026-02-18 15:57:45 |INFO |DEBUG: No signal generated (Spread too low or negative?)
2026-02-18 15:57:45 |INFO |DEBUG: Tick end. Sleeping 1s...
2026-02-18 15:57:46 |INFO |DEBUG: Tick start...
2026-02-18 15:57:46 |INFO |DEBUG: Generating signal for ETH/USDC...
2026-02-18 15:57:51 |INFO |DEBUG PRICE: ETH/USDC | Size: 0.001 | CEX 1989.68/1989.69 | DEX Buy:2000.62 Sell:1988.61 | Sprd A (C->D): -5.45bps | Sprd B (D->C): -54.68bps
2026-02-18 15:57:51 |INFO |DEBUG: No signal generated (Spread too low or negative?)
2026-02-18 15:57:51 |INFO |DEBUG: Tick end. Sleeping 1s...
2026-02-18 15:57:52 |INFO |DEBUG: Tick start...
2026-02-18 15:57:52 |CRITICAL |KILL SWITCH ACTIVE - STOPPING
2026-02-18 15:57:52 |INFO |Bot stopping...
2026-02-18 15:57:52 |INFO |DEBUG: Tick end. Sleeping 1s...

2026-02-18 16:04:44 |WARNING |Bot initialized in PRODUCTION mode. REAL FUNDS AT RISK.
2026-02-18 16:04:44 |INFO |Bot starting... ChainID: 42161
2026-02-18 16:04:44 |INFO |Loading 1 pools 
2026-02-18 16:04:46 |INFO |✅ Pool loaded: UNI-V2 | Tokens: 0x82aF49447D8a07e3bd95BD0d56f35241523fBab1 - 0xFF970A61A04b1cA14834A43f5dE4533eBDDB5CC8
2026-02-18 16:04:46 |INFO |Initializing router with 1 pairs
2026-02-18 16:04:46 |INFO |DEBUG: Syncing balances (Possible blocking point)...
2026-02-18 16:04:46 |INFO |DEBUG: Fetching CEX balances...
2026-02-18 16:04:46 |INFO |Starting pricing engine...
2026-02-18 16:04:46 |INFO |Connecting to Mempool: wss://arbitrum-one-rpc.publicnode.com
2026-02-18 16:04:46 |INFO |DEBUG: Updating inventory...
2026-02-18 16:04:46 |INFO |DEBUG: Balances updated.
2026-02-18 16:04:46 |INFO |DEBUG: Balances synced. Entering main loop...
2026-02-18 16:04:46 |INFO |DEBUG: Tick start...
2026-02-18 16:04:46 |INFO |DEBUG: Generating signal for ETH/USDC...
2026-02-18 16:04:46 |INFO |Subscription response: {"jsonrpc":"2.0","result":"0x4863c0abab638f4726f0f3b4a5c34b5e","id":1}

2026-02-18 16:04:51 |INFO |DEBUG PRICE: ETH/USDC | Size: 0.001 | CEX 1975.36/1975.37 | DEX Buy:1981.04 Sell:1969.14 | Sprd A (C->D): -31.53bps | Sprd B (D->C): -28.66bps
2026-02-18 16:04:51 |INFO |DEBUG: No signal generated (Spread too low or negative?)
2026-02-18 16:04:51 |INFO |DEBUG: Tick end. Sleeping 1s...
2026-02-18 16:04:52 |INFO |DEBUG: Tick start...
2026-02-18 16:04:52 |INFO |DEBUG: Generating signal for ETH/USDC...
2026-02-18 16:05:00 |INFO |DEBUG PRICE: ETH/USDC | Size: 0.001 | CEX 1975.46/1975.47 | DEX Buy:1981.04 Sell:1969.14 | Sprd A (C->D): -32.04bps | Sprd B (D->C): -28.15bps
2026-02-18 16:05:00 |INFO |DEBUG: No signal generated (Spread too low or negative?)
2026-02-18 16:05:00 |INFO |DEBUG: Tick end. Sleeping 1s...
2026-02-18 16:05:01 |INFO |DEBUG: Tick start...
2026-02-18 16:05:01 |INFO |DEBUG: Generating signal for ETH/USDC...
2026-02-18 16:05:06 |INFO |DEBUG PRICE: ETH/USDC | Size: 0.001 | CEX 1974.42/1974.43 | DEX Buy:1981.04 Sell:1969.14 | Sprd A (C->D): -26.79bps | Sprd B (D->C): -33.40bps
2026-02-18 16:05:06 |INFO |DEBUG: No signal generated (Spread too low or negative?)
2026-02-18 16:05:06 |INFO |DEBUG: Tick end. Sleeping 1s...
2026-02-18 16:05:07 |INFO |DEBUG: Tick start...
2026-02-18 16:05:07 |INFO |DEBUG: Generating signal for ETH/USDC...
2026-02-18 16:05:11 |INFO |DEBUG PRICE: ETH/USDC | Size: 0.001 | CEX 1973.27/1973.28 | DEX Buy:1981.04 Sell:1969.14 | Sprd A (C->D): -20.98bps | Sprd B (D->C): -39.20bps
2026-02-18 16:05:11 |INFO |DEBUG: No signal generated (Spread too low or negative?)
2026-02-18 16:05:11 |INFO |DEBUG: Tick end. Sleeping 1s...
2026-02-18 16:05:12 |INFO |DEBUG: Tick start...
2026-02-18 16:05:12 |CRITICAL |KILL SWITCH ACTIVE - STOPPING
2026-02-18 16:05:12 |INFO |Bot stopping...
2026-02-18 16:05:12 |INFO |DEBUG: Tick end. Sleeping 1s...
2026-02-18 18:58:26 |WARNING |Bot initialized in PRODUCTION mode. REAL FUNDS AT RISK.
2026-02-18 18:58:26 |INFO |Bot starting... ChainID: 42161
2026-02-18 18:58:26 |INFO |Loading 1 pools 
2026-02-18 18:58:29 |INFO |✅ Pool loaded: UNI-V2 | Tokens: 0x82aF49447D8a07e3bd95BD0d56f35241523fBab1 - 0xFF970A61A04b1cA14834A43f5dE4533eBDDB5CC8
2026-02-18 18:58:29 |INFO |Initializing router with 1 pairs
2026-02-18 18:58:29 |INFO |DEBUG: Syncing balances (Possible blocking point)...
2026-02-18 18:58:29 |INFO |DEBUG: Fetching CEX balances...
2026-02-18 18:58:29 |INFO |Starting pricing engine...
2026-02-18 18:58:29 |INFO |Connecting to Mempool: wss://arbitrum-one-rpc.publicnode.com
2026-02-18 18:58:29 |INFO |DEBUG: Updating inventory...
2026-02-18 18:58:29 |INFO |DEBUG: Balances updated.
2026-02-18 18:58:29 |INFO |DEBUG: Balances synced. Entering main loop...
2026-02-18 18:58:29 |INFO |DEBUG: Tick start...
2026-02-18 18:58:29 |INFO |DEBUG: Generating signal for ETH/USDC...
2026-02-18 18:58:29 |INFO |Subscription response: {"jsonrpc":"2.0","result":"0x08394cdf5f1352a5a488d56dcc0f62a9","id":1}

2026-02-18 18:58:34 |INFO |DEBUG PRICE: ETH/USDC | Size: 0.001 | CEX 1952.59/1952.60 | DEX Buy:1960.54 Sell:1948.77 | Sprd A (C->D): -19.60bps | Sprd B (D->C): -40.57bps
2026-02-18 18:58:34 |INFO |DEBUG: No signal generated (Spread too low or negative?)
2026-02-18 18:58:34 |INFO |DEBUG: Tick end. Sleeping 1s...
2026-02-18 18:58:35 |INFO |DEBUG: Tick start...
2026-02-18 18:58:35 |INFO |DEBUG: Generating signal for ETH/USDC...
2026-02-18 18:58:40 |INFO |DEBUG PRICE: ETH/USDC | Size: 0.001 | CEX 1952.59/1952.60 | DEX Buy:1960.54 Sell:1948.77 | Sprd A (C->D): -19.60bps | Sprd B (D->C): -40.57bps
2026-02-18 18:58:40 |INFO |DEBUG: No signal generated (Spread too low or negative?)
2026-02-18 18:58:40 |INFO |DEBUG: Tick end. Sleeping 1s...
2026-02-18 18:58:41 |INFO |DEBUG: Tick start...
2026-02-18 18:58:41 |INFO |DEBUG: Generating signal for ETH/USDC...
2026-02-18 18:58:46 |INFO |DEBUG PRICE: ETH/USDC | Size: 0.001 | CEX 1952.95/1952.96 | DEX Buy:1960.54 Sell:1948.77 | Sprd A (C->D): -21.44bps | Sprd B (D->C): -38.73bps
2026-02-18 18:58:46 |INFO |DEBUG: No signal generated (Spread too low or negative?)
2026-02-18 18:58:46 |INFO |DEBUG: Tick end. Sleeping 1s...
2026-02-18 18:58:47 |INFO |DEBUG: Tick start...
2026-02-18 18:58:47 |INFO |DEBUG: Generating signal for ETH/USDC...
2026-02-18 18:58:51 |INFO |DEBUG PRICE: ETH/USDC | Size: 0.001 | CEX 1953.11/1953.12 | DEX Buy:1960.54 Sell:1948.77 | Sprd A (C->D): -22.26bps | Sprd B (D->C): -37.92bps
2026-02-18 18:58:51 |INFO |DEBUG: No signal generated (Spread too low or negative?)
2026-02-18 18:58:51 |INFO |DEBUG: Tick end. Sleeping 1s...
2026-02-18 18:58:52 |INFO |DEBUG: Tick start...
2026-02-18 18:58:52 |INFO |DEBUG: Generating signal for ETH/USDC...
2026-02-18 18:58:57 |INFO |DEBUG PRICE: ETH/USDC | Size: 0.001 | CEX 1953.11/1953.12 | DEX Buy:1960.54 Sell:1948.77 | Sprd A (C->D): -22.26bps | Sprd B (D->C): -37.92bps
2026-02-18 18:58:57 |INFO |DEBUG: No signal generated (Spread too low or negative?)
2026-02-18 18:58:57 |INFO |DEBUG: Tick end. Sleeping 1s...
2026-02-18 18:58:58 |INFO |DEBUG: Tick start...
2026-02-18 18:58:58 |INFO |DEBUG: Generating signal for ETH/USDC...
2026-02-18 18:59:06 |INFO |DEBUG PRICE: ETH/USDC | Size: 0.001 | CEX 1952.80/1952.81 | DEX Buy:1960.54 Sell:1948.77 | Sprd A (C->D): -20.68bps | Sprd B (D->C): -39.50bps
2026-02-18 18:59:06 |INFO |DEBUG: No signal generated (Spread too low or negative?)
2026-02-18 18:59:06 |INFO |DEBUG: Tick end. Sleeping 1s...
2026-02-18 18:59:07 |INFO |DEBUG: Tick start...
2026-02-18 18:59:07 |INFO |DEBUG: Generating signal for ETH/USDC...
2026-02-18 18:59:12 |INFO |DEBUG PRICE: ETH/USDC | Size: 0.001 | CEX 1951.70/1951.71 | DEX Buy:1960.54 Sell:1948.77 | Sprd A (C->D): -15.05bps | Sprd B (D->C): -45.11bps
2026-02-18 18:59:12 |INFO |DEBUG: No signal generated (Spread too low or negative?)
2026-02-18 18:59:12 |INFO |DEBUG: Tick end. Sleeping 1s...
2026-02-18 18:59:13 |INFO |DEBUG: Tick start...
2026-02-18 18:59:13 |INFO |DEBUG: Generating signal for ETH/USDC...
2026-02-18 18:59:17 |INFO |DEBUG PRICE: ETH/USDC | Size: 0.001 | CEX 1951.83/1951.84 | DEX Buy:1960.54 Sell:1948.77 | Sprd A (C->D): -15.72bps | Sprd B (D->C): -44.44bps
2026-02-18 18:59:17 |INFO |DEBUG: No signal generated (Spread too low or negative?)
2026-02-18 18:59:17 |INFO |DEBUG: Tick end. Sleeping 1s...
2026-02-18 18:59:18 |INFO |DEBUG: Tick start...
2026-02-18 18:59:18 |INFO |DEBUG: Generating signal for ETH/USDC...
2026-02-18 18:59:23 |INFO |DEBUG PRICE: ETH/USDC | Size: 0.001 | CEX 1952.81/1952.82 | DEX Buy:1960.54 Sell:1948.77 | Sprd A (C->D): -20.73bps | Sprd B (D->C): -39.45bps
2026-02-18 18:59:23 |INFO |DEBUG: No signal generated (Spread too low or negative?)
2026-02-18 18:59:23 |INFO |DEBUG: Tick end. Sleeping 1s...
2026-02-18 18:59:24 |INFO |DEBUG: Tick start...
2026-02-18 18:59:24 |INFO |DEBUG: Generating signal for ETH/USDC...
2026-02-18 18:59:29 |INFO |DEBUG PRICE: ETH/USDC | Size: 0.001 | CEX 1951.61/1951.62 | DEX Buy:1960.54 Sell:1948.77 | Sprd A (C->D): -14.59bps | Sprd B (D->C): -45.57bps
2026-02-18 18:59:29 |INFO |DEBUG: No signal generated (Spread too low or negative?)
2026-02-18 18:59:29 |INFO |DEBUG: Tick end. Sleeping 1s...
2026-02-18 18:59:30 |INFO |DEBUG: Tick start...
2026-02-18 18:59:30 |INFO |DEBUG: Generating signal for ETH/USDC...
2026-02-18 18:59:37 |INFO |DEBUG PRICE: ETH/USDC | Size: 0.001 | CEX 1952.01/1952.02 | DEX Buy:1960.54 Sell:1948.77 | Sprd A (C->D): -16.64bps | Sprd B (D->C): -43.53bps
2026-02-18 18:59:37 |INFO |DEBUG: No signal generated (Spread too low or negative?)
2026-02-18 18:59:37 |INFO |DEBUG: Tick end. Sleeping 1s...
2026-02-18 18:59:38 |INFO |DEBUG: Tick start...
2026-02-18 18:59:38 |INFO |DEBUG: Generating signal for ETH/USDC...
2026-02-18 18:59:43 |INFO |DEBUG PRICE: ETH/USDC | Size: 0.001 | CEX 1951.91/1951.92 | DEX Buy:1960.54 Sell:1948.77 | Sprd A (C->D): -16.13bps | Sprd B (D->C): -44.04bps
2026-02-18 18:59:43 |INFO |DEBUG: No signal generated (Spread too low or negative?)
2026-02-18 18:59:43 |INFO |DEBUG: Tick end. Sleeping 1s...
2026-02-18 18:59:44 |INFO |DEBUG: Tick start...
2026-02-18 18:59:44 |INFO |DEBUG: Generating signal for ETH/USDC...
2026-02-18 18:59:49 |INFO |DEBUG PRICE: ETH/USDC | Size: 0.001 | CEX 1952.01/1952.02 | DEX Buy:1960.54 Sell:1948.77 | Sprd A (C->D): -16.64bps | Sprd B (D->C): -43.53bps
2026-02-18 18:59:49 |INFO |DEBUG: No signal generated (Spread too low or negative?)
2026-02-18 18:59:49 |INFO |DEBUG: Tick end. Sleeping 1s...
2026-02-18 18:59:50 |INFO |DEBUG: Tick start...
2026-02-18 18:59:50 |INFO |DEBUG: Generating signal for ETH/USDC...
2026-02-18 18:59:55 |INFO |DEBUG PRICE: ETH/USDC | Size: 0.001 | CEX 1951.93/1951.94 | DEX Buy:1960.54 Sell:1948.77 | Sprd A (C->D): -16.23bps | Sprd B (D->C): -43.93bps
2026-02-18 18:59:55 |INFO |DEBUG: No signal generated (Spread too low or negative?)
2026-02-18 18:59:55 |INFO |DEBUG: Tick end. Sleeping 1s...
2026-02-18 18:59:56 |INFO |DEBUG: Tick start...
2026-02-18 18:59:56 |INFO |DEBUG: Generating signal for ETH/USDC...
2026-02-18 19:00:01 |INFO |DEBUG PRICE: ETH/USDC | Size: 0.001 | CEX 1952.13/1952.14 | DEX Buy:1960.54 Sell:1948.77 | Sprd A (C->D): -17.25bps | Sprd B (D->C): -42.91bps
2026-02-18 19:00:01 |INFO |DEBUG: No signal generated (Spread too low or negative?)
2026-02-18 19:00:01 |INFO |DEBUG: Tick end. Sleeping 1s...
2026-02-18 19:00:02 |INFO |DEBUG: Tick start...
2026-02-18 19:00:02 |INFO |DEBUG: Generating signal for ETH/USDC...
2026-02-18 19:00:08 |INFO |DEBUG PRICE: ETH/USDC | Size: 0.001 | CEX 1951.17/1951.18 | DEX Buy:1960.54 Sell:1948.77 | Sprd A (C->D): -12.34bps | Sprd B (D->C): -47.81bps
2026-02-18 19:00:08 |INFO |DEBUG: No signal generated (Spread too low or negative?)
2026-02-18 19:00:08 |INFO |DEBUG: Tick end. Sleeping 1s...
2026-02-18 19:00:09 |INFO |DEBUG: Tick start...
2026-02-18 19:00:09 |INFO |DEBUG: Generating signal for ETH/USDC...
2026-02-18 19:00:15 |INFO |DEBUG PRICE: ETH/USDC | Size: 0.001 | CEX 1951.28/1951.29 | DEX Buy:1960.54 Sell:1948.77 | Sprd A (C->D): -12.90bps | Sprd B (D->C): -47.25bps
2026-02-18 19:00:15 |INFO |DEBUG: No signal generated (Spread too low or negative?)
2026-02-18 19:00:15 |INFO |DEBUG: Tick end. Sleeping 1s...
2026-02-18 19:00:16 |INFO |DEBUG: Tick start...
2026-02-18 19:00:16 |INFO |DEBUG: Generating signal for ETH/USDC...
2026-02-18 19:00:20 |INFO |DEBUG PRICE: ETH/USDC | Size: 0.001 | CEX 1951.02/1951.03 | DEX Buy:1960.54 Sell:1948.77 | Sprd A (C->D): -11.57bps | Sprd B (D->C): -48.58bps
2026-02-18 19:00:20 |INFO |DEBUG: No signal generated (Spread too low or negative?)
2026-02-18 19:00:20 |INFO |DEBUG: Tick end. Sleeping 1s...
2026-02-18 19:00:21 |INFO |DEBUG: Tick start...
2026-02-18 19:00:21 |INFO |DEBUG: Generating signal for ETH/USDC...
2026-02-18 19:00:26 |INFO |DEBUG PRICE: ETH/USDC | Size: 0.001 | CEX 1951.43/1951.44 | DEX Buy:1960.54 Sell:1948.77 | Sprd A (C->D): -13.67bps | Sprd B (D->C): -46.48bps
2026-02-18 19:00:26 |INFO |DEBUG: No signal generated (Spread too low or negative?)
2026-02-18 19:00:26 |INFO |DEBUG: Tick end. Sleeping 1s...
2026-02-18 19:00:27 |INFO |DEBUG: Tick start...
2026-02-18 19:00:27 |INFO |DEBUG: Generating signal for ETH/USDC...
2026-02-18 19:00:29 |ERROR |Connection lost: received 1013 (try again later) Connection timeout exceeded; then sent 1013 (try again later) Connection timeout exceeded. Reconnecting in 5s...
2026-02-18 19:00:32 |INFO |DEBUG PRICE: ETH/USDC | Size: 0.001 | CEX 1952.79/1952.80 | DEX Buy:1960.54 Sell:1948.77 | Sprd A (C->D): -20.63bps | Sprd B (D->C): -39.55bps
2026-02-18 19:00:32 |INFO |DEBUG: No signal generated (Spread too low or negative?)
2026-02-18 19:00:32 |INFO |DEBUG: Tick end. Sleeping 1s...
2026-02-18 19:00:33 |INFO |DEBUG: Tick start...
2026-02-18 19:00:33 |INFO |DEBUG: Generating signal for ETH/USDC...
2026-02-18 19:00:34 |INFO |Subscription response: {"jsonrpc":"2.0","result":"0x08bac679350f6653fd48049ec10e8638","id":1}

2026-02-18 19:00:38 |INFO |DEBUG PRICE: ETH/USDC | Size: 0.001 | CEX 1952.64/1952.65 | DEX Buy:1960.54 Sell:1948.77 | Sprd A (C->D): -19.86bps | Sprd B (D->C): -40.31bps
2026-02-18 19:00:38 |INFO |DEBUG: No signal generated (Spread too low or negative?)
2026-02-18 19:00:38 |INFO |DEBUG: Tick end. Sleeping 1s...
2026-02-18 19:00:39 |INFO |DEBUG: Tick start...
2026-02-18 19:00:39 |INFO |DEBUG: Generating signal for ETH/USDC...
2026-02-18 19:00:46 |INFO |DEBUG PRICE: ETH/USDC | Size: 0.001 | CEX 1953.19/1953.20 | DEX Buy:1960.54 Sell:1948.77 | Sprd A (C->D): -22.67bps | Sprd B (D->C): -37.51bps
2026-02-18 19:00:46 |INFO |DEBUG: No signal generated (Spread too low or negative?)
2026-02-18 19:00:46 |INFO |DEBUG: Tick end. Sleeping 1s...
2026-02-18 19:00:47 |INFO |DEBUG: Tick start...
2026-02-18 19:00:47 |INFO |DEBUG: Generating signal for ETH/USDC...
2026-02-18 19:00:52 |INFO |DEBUG PRICE: ETH/USDC | Size: 0.001 | CEX 1953.37/1953.38 | DEX Buy:1960.54 Sell:1948.77 | Sprd A (C->D): -23.59bps | Sprd B (D->C): -36.59bps
2026-02-18 19:00:52 |INFO |DEBUG: No signal generated (Spread too low or negative?)
2026-02-18 19:00:52 |INFO |DEBUG: Tick end. Sleeping 1s...
2026-02-18 19:00:53 |INFO |DEBUG: Tick start...
2026-02-18 19:00:53 |INFO |DEBUG: Generating signal for ETH/USDC...
2026-02-18 19:00:57 |INFO |DEBUG PRICE: ETH/USDC | Size: 0.001 | CEX 1954.09/1954.10 | DEX Buy:1960.54 Sell:1948.77 | Sprd A (C->D): -27.27bps | Sprd B (D->C): -32.92bps
2026-02-18 19:00:57 |INFO |DEBUG: No signal generated (Spread too low or negative?)
2026-02-18 19:00:57 |INFO |DEBUG: Tick end. Sleeping 1s...
2026-02-18 19:00:58 |INFO |DEBUG: Tick start...
2026-02-18 19:00:58 |INFO |DEBUG: Generating signal for ETH/USDC...
2026-02-18 19:01:03 |INFO |DEBUG PRICE: ETH/USDC | Size: 0.001 | CEX 1954.10/1954.11 | DEX Buy:1960.54 Sell:1948.77 | Sprd A (C->D): -27.32bps | Sprd B (D->C): -32.87bps
2026-02-18 19:01:03 |INFO |DEBUG: No signal generated (Spread too low or negative?)
2026-02-18 19:01:03 |INFO |DEBUG: Tick end. Sleeping 1s...
2026-02-18 19:01:04 |INFO |DEBUG: Tick start...
2026-02-18 19:01:04 |INFO |DEBUG: Generating signal for ETH/USDC...
2026-02-18 19:01:09 |INFO |DEBUG PRICE: ETH/USDC | Size: 0.001 | CEX 1953.86/1953.87 | DEX Buy:1960.54 Sell:1948.77 | Sprd A (C->D): -26.09bps | Sprd B (D->C): -34.09bps
2026-02-18 19:01:09 |INFO |DEBUG: No signal generated (Spread too low or negative?)
2026-02-18 19:01:09 |INFO |DEBUG: Tick end. Sleeping 1s...
2026-02-18 19:01:10 |INFO |DEBUG: Tick start...
2026-02-18 19:01:10 |INFO |DEBUG: Generating signal for ETH/USDC...
2026-02-18 19:01:17 |INFO |DEBUG PRICE: ETH/USDC | Size: 0.001 | CEX 1952.94/1952.95 | DEX Buy:1960.54 Sell:1948.77 | Sprd A (C->D): -21.39bps | Sprd B (D->C): -38.78bps
2026-02-18 19:01:17 |INFO |DEBUG: No signal generated (Spread too low or negative?)
2026-02-18 19:01:17 |INFO |DEBUG: Tick end. Sleeping 1s...
2026-02-18 19:01:18 |INFO |DEBUG: Tick start...
2026-02-18 19:01:18 |INFO |DEBUG: Generating signal for ETH/USDC...
2026-02-18 19:01:23 |INFO |DEBUG PRICE: ETH/USDC | Size: 0.001 | CEX 1953.31/1953.32 | DEX Buy:1960.54 Sell:1948.77 | Sprd A (C->D): -23.28bps | Sprd B (D->C): -36.90bps
2026-02-18 19:01:23 |INFO |DEBUG: No signal generated (Spread too low or negative?)
2026-02-18 19:01:23 |INFO |DEBUG: Tick end. Sleeping 1s...
2026-02-18 19:01:24 |INFO |DEBUG: Tick start...
2026-02-18 19:01:24 |INFO |DEBUG: Generating signal for ETH/USDC...
2026-02-18 19:01:29 |INFO |DEBUG PRICE: ETH/USDC | Size: 0.001 | CEX 1953.25/1953.26 | DEX Buy:1960.54 Sell:1948.77 | Sprd A (C->D): -22.98bps | Sprd B (D->C): -37.20bps
2026-02-18 19:01:29 |INFO |DEBUG: No signal generated (Spread too low or negative?)
2026-02-18 19:01:29 |INFO |DEBUG: Tick end. Sleeping 1s...
2026-02-18 19:01:30 |INFO |DEBUG: Tick start...
2026-02-18 19:01:30 |INFO |DEBUG: Generating signal for ETH/USDC...
2026-02-18 19:01:35 |INFO |DEBUG PRICE: ETH/USDC | Size: 0.001 | CEX 1955.11/1955.12 | DEX Buy:1960.54 Sell:1948.77 | Sprd A (C->D): -32.47bps | Sprd B (D->C): -27.71bps
2026-02-18 19:01:35 |INFO |DEBUG: No signal generated (Spread too low or negative?)
2026-02-18 19:01:35 |INFO |DEBUG: Tick end. Sleeping 1s...
2026-02-18 19:01:36 |INFO |DEBUG: Tick start...
2026-02-18 19:01:36 |INFO |DEBUG: Generating signal for ETH/USDC...
2026-02-18 19:01:41 |INFO |DEBUG PRICE: ETH/USDC | Size: 0.001 | CEX 1954.20/1954.21 | DEX Buy:1960.54 Sell:1948.77 | Sprd A (C->D): -27.83bps | Sprd B (D->C): -32.36bps
2026-02-18 19:01:41 |INFO |DEBUG: No signal generated (Spread too low or negative?)
2026-02-18 19:01:41 |INFO |DEBUG: Tick end. Sleeping 1s...
2026-02-18 19:01:42 |INFO |DEBUG: Tick start...
2026-02-18 19:01:42 |INFO |DEBUG: Generating signal for ETH/USDC...
2026-02-18 19:01:47 |INFO |DEBUG PRICE: ETH/USDC | Size: 0.001 | CEX 1954.48/1954.49 | DEX Buy:1960.54 Sell:1948.77 | Sprd A (C->D): -29.26bps | Sprd B (D->C): -30.93bps
2026-02-18 19:01:47 |INFO |DEBUG: No signal generated (Spread too low or negative?)
2026-02-18 19:01:47 |INFO |DEBUG: Tick end. Sleeping 1s...
2026-02-18 19:01:49 |INFO |DEBUG: Tick start...
2026-02-18 19:01:49 |INFO |DEBUG: Generating signal for ETH/USDC...
2026-02-18 19:01:54 |INFO |DEBUG PRICE: ETH/USDC | Size: 0.001 | CEX 1956.15/1956.16 | DEX Buy:1960.54 Sell:1948.77 | Sprd A (C->D): -37.77bps | Sprd B (D->C): -22.41bps
2026-02-18 19:01:54 |INFO |DEBUG: No signal generated (Spread too low or negative?)
2026-02-18 19:01:54 |INFO |DEBUG: Tick end. Sleeping 1s...
2026-02-18 19:01:55 |INFO |DEBUG: Tick start...
2026-02-18 19:01:55 |INFO |DEBUG: Generating signal for ETH/USDC...
2026-02-18 19:02:00 |INFO |DEBUG PRICE: ETH/USDC | Size: 0.001 | CEX 1953.85/1953.86 | DEX Buy:1960.54 Sell:1948.77 | Sprd A (C->D): -26.04bps | Sprd B (D->C): -34.14bps
2026-02-18 19:02:00 |INFO |DEBUG: No signal generated (Spread too low or negative?)
2026-02-18 19:02:00 |INFO |DEBUG: Tick end. Sleeping 1s...
2026-02-18 19:02:01 |INFO |DEBUG: Tick start...
2026-02-18 19:02:01 |INFO |DEBUG: Generating signal for ETH/USDC...
2026-02-18 19:02:06 |INFO |DEBUG PRICE: ETH/USDC | Size: 0.001 | CEX 1953.91/1953.92 | DEX Buy:1960.54 Sell:1948.77 | Sprd A (C->D): -26.35bps | Sprd B (D->C): -33.84bps
2026-02-18 19:02:06 |INFO |DEBUG: No signal generated (Spread too low or negative?)
2026-02-18 19:02:06 |INFO |DEBUG: Tick end. Sleeping 1s...
2026-02-18 19:02:07 |INFO |DEBUG: Tick start...
2026-02-18 19:02:07 |INFO |DEBUG: Generating signal for ETH/USDC...
2026-02-18 19:02:12 |INFO |DEBUG PRICE: ETH/USDC | Size: 0.001 | CEX 1954.87/1954.88 | DEX Buy:1960.54 Sell:1948.77 | Sprd A (C->D): -31.24bps | Sprd B (D->C): -28.94bps
2026-02-18 19:02:12 |INFO |DEBUG: No signal generated (Spread too low or negative?)
2026-02-18 19:02:12 |INFO |DEBUG: Tick end. Sleeping 1s...
2026-02-18 19:02:13 |INFO |DEBUG: Tick start...
2026-02-18 19:02:13 |INFO |DEBUG: Generating signal for ETH/USDC...
2026-02-18 19:02:18 |INFO |DEBUG PRICE: ETH/USDC | Size: 0.001 | CEX 1954.24/1954.25 | DEX Buy:1960.54 Sell:1948.77 | Sprd A (C->D): -28.03bps | Sprd B (D->C): -32.15bps
2026-02-18 19:02:18 |INFO |DEBUG: No signal generated (Spread too low or negative?)
2026-02-18 19:02:18 |INFO |DEBUG: Tick end. Sleeping 1s...
2026-02-18 19:02:19 |INFO |DEBUG: Tick start...
2026-02-18 19:02:19 |INFO |DEBUG: Generating signal for ETH/USDC...
2026-02-18 19:02:26 |INFO |DEBUG PRICE: ETH/USDC | Size: 0.001 | CEX 1954.51/1954.52 | DEX Buy:1960.54 Sell:1948.77 | Sprd A (C->D): -29.41bps | Sprd B (D->C): -30.77bps
2026-02-18 19:02:26 |INFO |DEBUG: No signal generated (Spread too low or negative?)
2026-02-18 19:02:26 |INFO |DEBUG: Tick end. Sleeping 1s...
2026-02-18 19:02:27 |INFO |DEBUG: Tick start...
2026-02-18 19:02:27 |INFO |DEBUG: Generating signal for ETH/USDC...
2026-02-18 19:02:32 |INFO |DEBUG PRICE: ETH/USDC | Size: 0.001 | CEX 1955.05/1955.06 | DEX Buy:1960.54 Sell:1948.77 | Sprd A (C->D): -32.16bps | Sprd B (D->C): -28.02bps
2026-02-18 19:02:32 |INFO |DEBUG: No signal generated (Spread too low or negative?)
2026-02-18 19:02:32 |INFO |DEBUG: Tick end. Sleeping 1s...
2026-02-18 19:02:33 |INFO |DEBUG: Tick start...
2026-02-18 19:02:33 |INFO |DEBUG: Generating signal for ETH/USDC...
2026-02-18 19:02:36 |ERROR |Connection lost: received 1013 (try again later) Connection timeout exceeded; then sent 1013 (try again later) Connection timeout exceeded. Reconnecting in 5s...
2026-02-18 19:02:38 |INFO |DEBUG PRICE: ETH/USDC | Size: 0.001 | CEX 1954.07/1954.08 | DEX Buy:1960.54 Sell:1948.77 | Sprd A (C->D): -27.16bps | Sprd B (D->C): -33.02bps
2026-02-18 19:02:38 |INFO |DEBUG: No signal generated (Spread too low or negative?)
2026-02-18 19:02:38 |INFO |DEBUG: Tick end. Sleeping 1s...
2026-02-18 19:02:39 |INFO |DEBUG: Tick start...
2026-02-18 19:02:39 |INFO |DEBUG: Generating signal for ETH/USDC...
2026-02-18 19:02:41 |INFO |Subscription response: {"jsonrpc":"2.0","result":"0x9464b5700538161e1c44b6c4c4100130","id":1}

2026-02-18 19:02:43 |INFO |DEBUG PRICE: ETH/USDC | Size: 0.001 | CEX 1954.07/1954.08 | DEX Buy:1960.54 Sell:1948.77 | Sprd A (C->D): -27.16bps | Sprd B (D->C): -33.02bps
2026-02-18 19:02:43 |INFO |DEBUG: No signal generated (Spread too low or negative?)
2026-02-18 19:02:43 |INFO |DEBUG: Tick end. Sleeping 1s...
2026-02-18 19:02:44 |INFO |DEBUG: Tick start...
2026-02-18 19:02:44 |INFO |DEBUG: Generating signal for ETH/USDC...
2026-02-18 19:02:50 |INFO |DEBUG PRICE: ETH/USDC | Size: 0.001 | CEX 1953.41/1953.42 | DEX Buy:1960.54 Sell:1948.77 | Sprd A (C->D): -23.79bps | Sprd B (D->C): -36.39bps
2026-02-18 19:02:50 |INFO |DEBUG: No signal generated (Spread too low or negative?)
2026-02-18 19:02:50 |INFO |DEBUG: Tick end. Sleeping 1s...
2026-02-18 19:02:51 |INFO |DEBUG: Tick start...
2026-02-18 19:02:51 |INFO |DEBUG: Generating signal for ETH/USDC...
2026-02-18 19:02:56 |INFO |DEBUG PRICE: ETH/USDC | Size: 0.001 | CEX 1953.59/1953.60 | DEX Buy:1960.54 Sell:1948.77 | Sprd A (C->D): -24.71bps | Sprd B (D->C): -35.47bps
2026-02-18 19:02:56 |INFO |DEBUG: No signal generated (Spread too low or negative?)
2026-02-18 19:02:56 |INFO |DEBUG: Tick end. Sleeping 1s...
2026-02-18 19:02:57 |INFO |DEBUG: Tick start...
2026-02-18 19:02:57 |INFO |DEBUG: Generating signal for ETH/USDC...
2026-02-18 19:03:02 |INFO |DEBUG PRICE: ETH/USDC | Size: 0.001 | CEX 1954.25/1954.26 | DEX Buy:1960.54 Sell:1948.77 | Sprd A (C->D): -28.08bps | Sprd B (D->C): -32.10bps
2026-02-18 19:03:02 |INFO |DEBUG: No signal generated (Spread too low or negative?)
2026-02-18 19:03:02 |INFO |DEBUG: Tick end. Sleeping 1s...
2026-02-18 19:03:03 |INFO |DEBUG: Tick start...
2026-02-18 19:03:03 |INFO |DEBUG: Generating signal for ETH/USDC...
2026-02-18 19:03:08 |INFO |DEBUG PRICE: ETH/USDC | Size: 0.001 | CEX 1954.36/1954.37 | DEX Buy:1960.54 Sell:1948.77 | Sprd A (C->D): -28.64bps | Sprd B (D->C): -31.54bps
2026-02-18 19:03:08 |INFO |DEBUG: No signal generated (Spread too low or negative?)
2026-02-18 19:03:08 |INFO |DEBUG: Tick end. Sleeping 1s...
2026-02-18 19:03:09 |INFO |DEBUG: Tick start...
2026-02-18 19:03:09 |INFO |DEBUG: Generating signal for ETH/USDC...
2026-02-18 19:03:15 |INFO |DEBUG PRICE: ETH/USDC | Size: 0.001 | CEX 1954.40/1954.41 | DEX Buy:1960.54 Sell:1948.77 | Sprd A (C->D): -28.85bps | Sprd B (D->C): -31.34bps
2026-02-18 19:03:15 |INFO |DEBUG: No signal generated (Spread too low or negative?)
2026-02-18 19:03:15 |INFO |DEBUG: Tick end. Sleeping 1s...
2026-02-18 19:03:16 |INFO |DEBUG: Tick start...
2026-02-18 19:03:16 |INFO |DEBUG: Generating signal for ETH/USDC...
2026-02-18 19:03:21 |INFO |DEBUG PRICE: ETH/USDC | Size: 0.001 | CEX 1954.79/1954.80 | DEX Buy:1960.54 Sell:1948.77 | Sprd A (C->D): -30.84bps | Sprd B (D->C): -29.35bps
2026-02-18 19:03:21 |INFO |DEBUG: No signal generated (Spread too low or negative?)
2026-02-18 19:03:21 |INFO |DEBUG: Tick end. Sleeping 1s...
2026-02-18 19:03:22 |INFO |DEBUG: Tick start...
2026-02-18 19:03:22 |INFO |DEBUG: Generating signal for ETH/USDC...
2026-02-18 19:03:27 |INFO |DEBUG PRICE: ETH/USDC | Size: 0.001 | CEX 1954.91/1954.92 | DEX Buy:1960.54 Sell:1948.77 | Sprd A (C->D): -31.45bps | Sprd B (D->C): -28.73bps
2026-02-18 19:03:27 |INFO |DEBUG: No signal generated (Spread too low or negative?)
2026-02-18 19:03:27 |INFO |DEBUG: Tick end. Sleeping 1s...
2026-02-18 19:03:28 |INFO |DEBUG: Tick start...
2026-02-18 19:03:28 |INFO |DEBUG: Generating signal for ETH/USDC...
2026-02-18 19:03:35 |INFO |DEBUG PRICE: ETH/USDC | Size: 0.001 | CEX 1954.84/1954.85 | DEX Buy:1960.54 Sell:1948.77 | Sprd A (C->D): -31.09bps | Sprd B (D->C): -29.09bps
2026-02-18 19:03:35 |INFO |DEBUG: No signal generated (Spread too low or negative?)
2026-02-18 19:03:35 |INFO |DEBUG: Tick end. Sleeping 1s...
2026-02-18 19:03:36 |INFO |DEBUG: Tick start...
2026-02-18 19:03:36 |INFO |DEBUG: Generating signal for ETH/USDC...
2026-02-18 19:03:41 |INFO |DEBUG PRICE: ETH/USDC | Size: 0.001 | CEX 1954.40/1954.41 | DEX Buy:1960.54 Sell:1948.77 | Sprd A (C->D): -28.85bps | Sprd B (D->C): -31.34bps
2026-02-18 19:03:41 |INFO |DEBUG: No signal generated (Spread too low or negative?)
2026-02-18 19:03:41 |INFO |DEBUG: Tick end. Sleeping 1s...
2026-02-18 19:03:42 |INFO |DEBUG: Tick start...
2026-02-18 19:03:42 |INFO |DEBUG: Generating signal for ETH/USDC...
2026-02-18 19:03:48 |INFO |DEBUG PRICE: ETH/USDC | Size: 0.001 | CEX 1954.00/1954.01 | DEX Buy:1960.54 Sell:1948.77 | Sprd A (C->D): -26.81bps | Sprd B (D->C): -33.38bps
2026-02-18 19:03:48 |INFO |DEBUG: No signal generated (Spread too low or negative?)
2026-02-18 19:03:48 |INFO |DEBUG: Tick end. Sleeping 1s...
2026-02-18 19:03:49 |INFO |DEBUG: Tick start...
2026-02-18 19:03:49 |INFO |DEBUG: Generating signal for ETH/USDC...
2026-02-18 19:03:49 |WARNING |Bot initialized in PRODUCTION mode. REAL FUNDS AT RISK.
2026-02-18 19:03:49 |INFO |DEBUG: Generating signal for ETH/USDT...
2026-02-18 19:03:49 |INFO |DEBUG: Fetching CEX balances...
2026-02-18 19:03:49 |INFO |DEBUG: Updating inventory...
2026-02-18 19:03:49 |INFO |DEBUG: Balances updated.
2026-02-18 19:03:49 |INFO |Running post-trade balance verification...
2026-02-18 19:03:49 |ERROR |Balance verification failed: 'dict' object has no attribute 'ETH'
2026-02-18 19:03:49 |INFO |DEBUG: Fetching CEX balances...
2026-02-18 19:03:49 |INFO |DEBUG: Updating inventory...
2026-02-18 19:03:49 |INFO |DEBUG: Balances updated.
2026-02-18 19:03:49 |WARNING |Decoding failed for b'\x00\x00\x00\x00\x00\x00\x00\x00\x00\x00\x00\x00\x00\x00\x00\x00\x00\x00\x00\x00\x00\x00\x00\x00\x00\x00\x00\x00\x00\x00\x00\x00': Decoding failed: Tried to read 32 bytes, only got 2 bytes.
2026-02-18 19:03:49 |WARNING |Detected Swap on ETH-USDC:
  Tx: 0x123...
  Amount: 0.0000 -> Min: 0.0019
  Expected (Local): 0.00
  Implied Slippage: 5.00% [HIGH SLIPPAGE - ARB OPPORTUNITY]
2026-02-18 19:03:49 |INFO |Circuit breaker reset
2026-02-18 19:03:49 |INFO |DEBUG PRICE: ETH/USDT | Size: 1.0 | CEX 2000.00/2000.00 | DEX Buy:2222.22 Sell:2100.00 | Sprd A (C->D): 500.00bps | Sprd B (D->C): -1000.00bps
2026-02-18 19:03:49 |WARNING |Inventory Low for BUY_CEX_SELL_DEX: CEX_USDC=10.00 (Need 2000.00), DEX_ETH=10000.0000 (Need 1.0000)
2026-02-18 19:03:49 |INFO |DEBUG PRICE: ETH/USDT | Size: 1.0 | CEX 2000.00/2000.00 | DEX Buy:2061.86 Sell:2050.00 | Sprd A (C->D): 250.00bps | Sprd B (D->C): -300.00bps
2026-02-18 19:03:49 |INFO |DEBUG PRICE: ETH/USDT | Size: 1.0 | CEX 2000.00/2000.00 | DEX Buy:2000.00 Sell:2000.00 | Sprd A (C->D): 0.00bps | Sprd B (D->C): 0.00bps
2026-02-18 19:03:49 |INFO |DEBUG PRICE: ETH/USDT | Size: 1.0 | CEX 2000.00/2000.00 | DEX Buy:2061.86 Sell:2050.00 | Sprd A (C->D): 250.00bps | Sprd B (D->C): -300.00bps
2026-02-18 19:03:49 |INFO |DEBUG PRICE: ETH/USDT | Size: 1.0 | CEX 2100.00/2105.00 | DEX Buy:2004.76 Sell:2000.00 | Sprd A (C->D): -498.81bps | Sprd B (D->C): 475.06bps
2026-02-18 19:03:49 |WARNING |Forksimulation failed to connect to http://127.0.0.1:8545
2026-02-18 19:03:49 |WARNING |Forksimulation failed to connect to http://127.0.0.1:8545
2026-02-18 19:03:49 |WARNING |Forksimulation failed to connect to http://127.0.0.1:8545
2026-02-18 19:03:49 |WARNING |Forksimulation failed to connect to http://127.0.0.1:8545
2026-02-18 19:03:54 |INFO |DEBUG PRICE: ETH/USDC | Size: 0.001 | CEX 1953.94/1953.95 | DEX Buy:1960.54 Sell:1948.77 | Sprd A (C->D): -26.50bps | Sprd B (D->C): -33.68bps
2026-02-18 19:03:54 |INFO |DEBUG: No signal generated (Spread too low or negative?)
2026-02-18 19:03:54 |INFO |DEBUG: Tick end. Sleeping 1s...
2026-02-18 19:03:55 |INFO |DEBUG: Tick start...
2026-02-18 19:03:55 |INFO |DEBUG: Generating signal for ETH/USDC...
2026-02-18 19:04:00 |INFO |DEBUG PRICE: ETH/USDC | Size: 0.001 | CEX 1954.23/1954.24 | DEX Buy:1960.54 Sell:1948.77 | Sprd A (C->D): -27.98bps | Sprd B (D->C): -32.20bps
2026-02-18 19:04:00 |INFO |DEBUG: No signal generated (Spread too low or negative?)
2026-02-18 19:04:00 |INFO |DEBUG: Tick end. Sleeping 1s...
2026-02-18 19:04:01 |INFO |DEBUG: Tick start...
2026-02-18 19:04:01 |INFO |DEBUG: Generating signal for ETH/USDC...
2026-02-18 19:04:06 |INFO |DEBUG PRICE: ETH/USDC | Size: 0.001 | CEX 1954.79/1954.80 | DEX Buy:1960.54 Sell:1948.77 | Sprd A (C->D): -30.84bps | Sprd B (D->C): -29.35bps
2026-02-18 19:04:06 |INFO |DEBUG: No signal generated (Spread too low or negative?)
2026-02-18 19:04:06 |INFO |DEBUG: Tick end. Sleeping 1s...
2026-02-18 19:04:07 |INFO |DEBUG: Tick start...
2026-02-18 19:04:07 |INFO |DEBUG: Generating signal for ETH/USDC...
2026-02-18 19:04:12 |INFO |DEBUG PRICE: ETH/USDC | Size: 0.001 | CEX 1954.59/1954.60 | DEX Buy:1960.54 Sell:1948.77 | Sprd A (C->D): -29.82bps | Sprd B (D->C): -30.37bps
2026-02-18 19:04:12 |INFO |DEBUG: No signal generated (Spread too low or negative?)
2026-02-18 19:04:12 |INFO |DEBUG: Tick end. Sleeping 1s...
2026-02-18 19:04:13 |INFO |DEBUG: Tick start...
2026-02-18 19:04:13 |INFO |DEBUG: Generating signal for ETH/USDC...
2026-02-18 19:04:19 |INFO |DEBUG PRICE: ETH/USDC | Size: 0.001 | CEX 1955.65/1955.66 | DEX Buy:1960.54 Sell:1948.77 | Sprd A (C->D): -35.22bps | Sprd B (D->C): -24.96bps
2026-02-18 19:04:19 |INFO |DEBUG: No signal generated (Spread too low or negative?)
2026-02-18 19:04:19 |INFO |DEBUG: Tick end. Sleeping 1s...
2026-02-18 19:04:20 |INFO |DEBUG: Tick start...
2026-02-18 19:04:20 |INFO |DEBUG: Generating signal for ETH/USDC...
2026-02-18 19:04:25 |INFO |DEBUG PRICE: ETH/USDC | Size: 0.001 | CEX 1954.88/1954.89 | DEX Buy:1960.54 Sell:1948.77 | Sprd A (C->D): -31.30bps | Sprd B (D->C): -28.89bps
2026-02-18 19:04:25 |INFO |DEBUG: No signal generated (Spread too low or negative?)
2026-02-18 19:04:25 |INFO |DEBUG: Tick end. Sleeping 1s...
2026-02-18 19:04:26 |INFO |DEBUG: Tick start...
2026-02-18 19:04:26 |INFO |DEBUG: Generating signal for ETH/USDC...
2026-02-18 19:04:31 |INFO |DEBUG PRICE: ETH/USDC | Size: 0.001 | CEX 1954.67/1954.68 | DEX Buy:1960.54 Sell:1948.77 | Sprd A (C->D): -30.22bps | Sprd B (D->C): -29.96bps
2026-02-18 19:04:31 |INFO |DEBUG: No signal generated (Spread too low or negative?)
2026-02-18 19:04:31 |INFO |DEBUG: Tick end. Sleeping 1s...
2026-02-18 19:04:32 |INFO |DEBUG: Tick start...
2026-02-18 19:04:32 |INFO |DEBUG: Generating signal for ETH/USDC...
2026-02-18 19:04:37 |INFO |DEBUG PRICE: ETH/USDC | Size: 0.001 | CEX 1954.00/1954.01 | DEX Buy:1960.54 Sell:1948.77 | Sprd A (C->D): -26.81bps | Sprd B (D->C): -33.38bps
2026-02-18 19:04:37 |INFO |DEBUG: No signal generated (Spread too low or negative?)
2026-02-18 19:04:37 |INFO |DEBUG: Tick end. Sleeping 1s...
2026-02-18 19:04:38 |INFO |DEBUG: Tick start...
2026-02-18 19:04:38 |INFO |DEBUG: Generating signal for ETH/USDC...
2026-02-18 19:04:42 |ERROR |Connection lost: received 1013 (try again later) Connection timeout exceeded; then sent 1013 (try again later) Connection timeout exceeded. Reconnecting in 5s...
2026-02-18 19:04:43 |INFO |DEBUG PRICE: ETH/USDC | Size: 0.001 | CEX 1953.81/1953.82 | DEX Buy:1960.54 Sell:1948.77 | Sprd A (C->D): -25.84bps | Sprd B (D->C): -34.35bps
2026-02-18 19:04:43 |INFO |DEBUG: No signal generated (Spread too low or negative?)
2026-02-18 19:04:43 |INFO |DEBUG: Tick end. Sleeping 1s...
2026-02-18 19:04:44 |INFO |DEBUG: Tick start...
2026-02-18 19:04:44 |INFO |DEBUG: Generating signal for ETH/USDC...
2026-02-18 19:04:47 |INFO |Subscription response: {"jsonrpc":"2.0","result":"0x3ea9f900e0a1919111c405c1ff822f32","id":1}

2026-02-18 19:04:49 |INFO |DEBUG PRICE: ETH/USDC | Size: 0.001 | CEX 1955.03/1955.04 | DEX Buy:1960.54 Sell:1948.77 | Sprd A (C->D): -32.06bps | Sprd B (D->C): -28.12bps
2026-02-18 19:04:49 |INFO |DEBUG: No signal generated (Spread too low or negative?)
2026-02-18 19:04:49 |INFO |DEBUG: Tick end. Sleeping 1s...
2026-02-18 19:04:50 |INFO |DEBUG: Tick start...
2026-02-18 19:04:50 |INFO |DEBUG: Generating signal for ETH/USDC...
2026-02-18 19:04:55 |INFO |DEBUG PRICE: ETH/USDC | Size: 0.001 | CEX 1955.23/1955.24 | DEX Buy:1960.54 Sell:1948.77 | Sprd A (C->D): -33.08bps | Sprd B (D->C): -27.10bps
2026-02-18 19:04:55 |INFO |DEBUG: No signal generated (Spread too low or negative?)
2026-02-18 19:04:55 |INFO |DEBUG: Tick end. Sleeping 1s...
2026-02-18 19:04:56 |INFO |DEBUG: Tick start...
2026-02-18 19:04:56 |INFO |DEBUG: Generating signal for ETH/USDC...
2026-02-18 19:05:01 |INFO |DEBUG PRICE: ETH/USDC | Size: 0.001 | CEX 1956.25/1956.26 | DEX Buy:1960.54 Sell:1948.77 | Sprd A (C->D): -38.28bps | Sprd B (D->C): -21.90bps
2026-02-18 19:05:01 |INFO |DEBUG: No signal generated (Spread too low or negative?)
2026-02-18 19:05:01 |INFO |DEBUG: Tick end. Sleeping 1s...
2026-02-18 19:05:02 |INFO |DEBUG: Tick start...
2026-02-18 19:05:02 |INFO |DEBUG: Generating signal for ETH/USDC...
2026-02-18 19:05:09 |INFO |DEBUG PRICE: ETH/USDC | Size: 0.001 | CEX 1955.43/1955.44 | DEX Buy:1960.54 Sell:1948.77 | Sprd A (C->D): -34.10bps | Sprd B (D->C): -26.08bps
2026-02-18 19:05:09 |INFO |DEBUG: No signal generated (Spread too low or negative?)
2026-02-18 19:05:09 |INFO |DEBUG: Tick end. Sleeping 1s...
2026-02-18 19:05:10 |INFO |DEBUG: Tick start...
2026-02-18 19:05:10 |INFO |DEBUG: Generating signal for ETH/USDC...
2026-02-18 19:05:15 |INFO |DEBUG PRICE: ETH/USDC | Size: 0.001 | CEX 1955.83/1955.84 | DEX Buy:1960.54 Sell:1948.77 | Sprd A (C->D): -36.14bps | Sprd B (D->C): -24.04bps
2026-02-18 19:05:15 |INFO |DEBUG: No signal generated (Spread too low or negative?)
2026-02-18 19:05:15 |INFO |DEBUG: Tick end. Sleeping 1s...
2026-02-18 19:05:16 |INFO |DEBUG: Tick start...
2026-02-18 19:05:16 |INFO |DEBUG: Generating signal for ETH/USDC...
2026-02-18 19:05:21 |INFO |DEBUG PRICE: ETH/USDC | Size: 0.001 | CEX 1955.46/1955.47 | DEX Buy:1960.54 Sell:1948.77 | Sprd A (C->D): -34.25bps | Sprd B (D->C): -25.93bps
2026-02-18 19:05:21 |INFO |DEBUG: No signal generated (Spread too low or negative?)
2026-02-18 19:05:21 |INFO |DEBUG: Tick end. Sleeping 1s...
2026-02-18 19:05:22 |INFO |DEBUG: Tick start...
2026-02-18 19:05:22 |INFO |DEBUG: Generating signal for ETH/USDC...
2026-02-18 19:05:27 |INFO |DEBUG PRICE: ETH/USDC | Size: 0.001 | CEX 1955.36/1955.37 | DEX Buy:1960.54 Sell:1948.77 | Sprd A (C->D): -33.74bps | Sprd B (D->C): -26.44bps
2026-02-18 19:05:27 |INFO |DEBUG: No signal generated (Spread too low or negative?)
2026-02-18 19:05:27 |INFO |DEBUG: Tick end. Sleeping 1s...
2026-02-18 19:05:28 |INFO |DEBUG: Tick start...
2026-02-18 19:05:28 |INFO |DEBUG: Generating signal for ETH/USDC...
2026-02-18 19:05:34 |INFO |DEBUG PRICE: ETH/USDC | Size: 0.001 | CEX 1955.99/1956.00 | DEX Buy:1960.54 Sell:1948.77 | Sprd A (C->D): -36.95bps | Sprd B (D->C): -23.23bps
2026-02-18 19:05:34 |INFO |DEBUG: No signal generated (Spread too low or negative?)
2026-02-18 19:05:34 |INFO |DEBUG: Tick end. Sleeping 1s...
2026-02-18 19:05:35 |INFO |DEBUG: Tick start...
2026-02-18 19:05:35 |INFO |DEBUG: Generating signal for ETH/USDC...
2026-02-18 19:05:40 |INFO |DEBUG PRICE: ETH/USDC | Size: 0.001 | CEX 1955.39/1955.40 | DEX Buy:1960.54 Sell:1948.77 | Sprd A (C->D): -33.90bps | Sprd B (D->C): -26.29bps
2026-02-18 19:05:40 |INFO |DEBUG: No signal generated (Spread too low or negative?)
2026-02-18 19:05:40 |INFO |DEBUG: Tick end. Sleeping 1s...
2026-02-18 19:05:41 |INFO |DEBUG: Tick start...
2026-02-18 19:05:41 |INFO |DEBUG: Generating signal for ETH/USDC...
2026-02-18 19:05:46 |INFO |DEBUG PRICE: ETH/USDC | Size: 0.001 | CEX 1955.20/1955.21 | DEX Buy:1960.54 Sell:1948.77 | Sprd A (C->D): -32.93bps | Sprd B (D->C): -27.26bps
2026-02-18 19:05:46 |INFO |DEBUG: No signal generated (Spread too low or negative?)
2026-02-18 19:05:46 |INFO |DEBUG: Tick end. Sleeping 1s...
2026-02-18 19:05:47 |INFO |DEBUG: Tick start...
2026-02-18 19:05:47 |INFO |DEBUG: Generating signal for ETH/USDC...
2026-02-18 19:05:52 |INFO |DEBUG PRICE: ETH/USDC | Size: 0.001 | CEX 1955.43/1955.44 | DEX Buy:1960.54 Sell:1948.77 | Sprd A (C->D): -34.10bps | Sprd B (D->C): -26.08bps
2026-02-18 19:05:52 |INFO |DEBUG: No signal generated (Spread too low or negative?)
2026-02-18 19:05:52 |INFO |DEBUG: Tick end. Sleeping 1s...
2026-02-18 19:05:53 |INFO |DEBUG: Tick start...
2026-02-18 19:05:53 |INFO |DEBUG: Generating signal for ETH/USDC...
2026-02-18 19:05:58 |INFO |DEBUG PRICE: ETH/USDC | Size: 0.001 | CEX 1955.33/1955.34 | DEX Buy:1960.54 Sell:1948.77 | Sprd A (C->D): -33.59bps | Sprd B (D->C): -26.60bps
2026-02-18 19:05:58 |INFO |DEBUG: No signal generated (Spread too low or negative?)
2026-02-18 19:05:58 |INFO |DEBUG: Tick end. Sleeping 1s...
2026-02-18 19:05:59 |INFO |DEBUG: Tick start...
2026-02-18 19:05:59 |INFO |DEBUG: Generating signal for ETH/USDC...
2026-02-18 19:06:04 |INFO |DEBUG PRICE: ETH/USDC | Size: 0.001 | CEX 1955.32/1955.33 | DEX Buy:1960.54 Sell:1948.77 | Sprd A (C->D): -33.54bps | Sprd B (D->C): -26.64bps
2026-02-18 19:06:04 |INFO |DEBUG: No signal generated (Spread too low or negative?)
2026-02-18 19:06:04 |INFO |DEBUG: Tick end. Sleeping 1s...
2026-02-18 19:06:05 |INFO |DEBUG: Tick start...
2026-02-18 19:06:05 |INFO |DEBUG: Generating signal for ETH/USDC...
2026-02-18 19:06:11 |INFO |DEBUG PRICE: ETH/USDC | Size: 0.001 | CEX 1955.52/1955.53 | DEX Buy:1960.54 Sell:1948.77 | Sprd A (C->D): -34.56bps | Sprd B (D->C): -25.62bps
2026-02-18 19:06:11 |INFO |DEBUG: No signal generated (Spread too low or negative?)
2026-02-18 19:06:11 |INFO |DEBUG: Tick end. Sleeping 1s...
2026-02-18 19:06:12 |INFO |DEBUG: Tick start...
2026-02-18 19:06:12 |INFO |DEBUG: Generating signal for ETH/USDC...
2026-02-18 19:06:18 |INFO |DEBUG PRICE: ETH/USDC | Size: 0.001 | CEX 1955.99/1956.00 | DEX Buy:1960.54 Sell:1948.77 | Sprd A (C->D): -36.95bps | Sprd B (D->C): -23.23bps
2026-02-18 19:06:18 |INFO |DEBUG: No signal generated (Spread too low or negative?)
2026-02-18 19:06:18 |INFO |DEBUG: Tick end. Sleeping 1s...
2026-02-18 19:06:19 |INFO |DEBUG: Tick start...
2026-02-18 19:06:19 |INFO |DEBUG: Generating signal for ETH/USDC...
2026-02-18 19:06:24 |INFO |DEBUG PRICE: ETH/USDC | Size: 0.001 | CEX 1955.20/1955.21 | DEX Buy:1960.54 Sell:1948.77 | Sprd A (C->D): -32.93bps | Sprd B (D->C): -27.26bps
2026-02-18 19:06:24 |INFO |DEBUG: No signal generated (Spread too low or negative?)
2026-02-18 19:06:24 |INFO |DEBUG: Tick end. Sleeping 1s...
2026-02-18 19:06:25 |INFO |DEBUG: Tick start...
2026-02-18 19:06:25 |INFO |DEBUG: Generating signal for ETH/USDC...
2026-02-18 19:06:30 |INFO |DEBUG PRICE: ETH/USDC | Size: 0.001 | CEX 1955.67/1955.68 | DEX Buy:1960.54 Sell:1948.77 | Sprd A (C->D): -35.32bps | Sprd B (D->C): -24.86bps
2026-02-18 19:06:30 |INFO |DEBUG: No signal generated (Spread too low or negative?)
2026-02-18 19:06:30 |INFO |DEBUG: Tick end. Sleeping 1s...
2026-02-18 19:06:31 |INFO |DEBUG: Tick start...
2026-02-18 19:06:31 |INFO |DEBUG: Generating signal for ETH/USDC...
2026-02-18 19:06:36 |INFO |DEBUG PRICE: ETH/USDC | Size: 0.001 | CEX 1955.28/1955.29 | DEX Buy:1960.54 Sell:1948.77 | Sprd A (C->D): -33.34bps | Sprd B (D->C): -26.85bps
2026-02-18 19:06:36 |INFO |DEBUG: No signal generated (Spread too low or negative?)
2026-02-18 19:06:36 |INFO |DEBUG: Tick end. Sleeping 1s...
2026-02-18 19:06:37 |INFO |DEBUG: Tick start...
2026-02-18 19:06:37 |INFO |DEBUG: Generating signal for ETH/USDC...
2026-02-18 19:06:42 |INFO |DEBUG PRICE: ETH/USDC | Size: 0.001 | CEX 1955.80/1955.81 | DEX Buy:1960.54 Sell:1948.77 | Sprd A (C->D): -35.99bps | Sprd B (D->C): -24.20bps
2026-02-18 19:06:42 |INFO |DEBUG: No signal generated (Spread too low or negative?)
2026-02-18 19:06:42 |INFO |DEBUG: Tick end. Sleeping 1s...
2026-02-18 19:06:43 |INFO |DEBUG: Tick start...
2026-02-18 19:06:43 |INFO |DEBUG: Generating signal for ETH/USDC...
2026-02-18 19:06:49 |INFO |DEBUG PRICE: ETH/USDC | Size: 0.001 | CEX 1956.26/1956.27 | DEX Buy:1960.54 Sell:1948.77 | Sprd A (C->D): -38.33bps | Sprd B (D->C): -21.85bps
2026-02-18 19:06:49 |INFO |DEBUG: No signal generated (Spread too low or negative?)
2026-02-18 19:06:49 |INFO |DEBUG: Tick end. Sleeping 1s...
2026-02-18 19:06:49 |ERROR |Connection lost: received 1013 (try again later) Connection timeout exceeded; then sent 1013 (try again later) Connection timeout exceeded. Reconnecting in 5s...
2026-02-18 19:06:50 |INFO |DEBUG: Tick start...
2026-02-18 19:06:50 |INFO |DEBUG: Generating signal for ETH/USDC...
2026-02-18 19:06:55 |INFO |Subscription response: {"jsonrpc":"2.0","result":"0x689fdc45c8bf1a90e12107fc8a54e3d4","id":1}

2026-02-18 19:06:55 |INFO |DEBUG PRICE: ETH/USDC | Size: 0.001 | CEX 1955.52/1955.53 | DEX Buy:1960.54 Sell:1948.77 | Sprd A (C->D): -34.56bps | Sprd B (D->C): -25.62bps
2026-02-18 19:06:55 |INFO |DEBUG: No signal generated (Spread too low or negative?)
2026-02-18 19:06:55 |INFO |DEBUG: Tick end. Sleeping 1s...
2026-02-18 19:06:56 |INFO |DEBUG: Tick start...
2026-02-18 19:06:56 |INFO |DEBUG: Generating signal for ETH/USDC...
2026-02-18 19:07:01 |INFO |DEBUG PRICE: ETH/USDC | Size: 0.001 | CEX 1956.48/1956.49 | DEX Buy:1960.54 Sell:1948.77 | Sprd A (C->D): -39.45bps | Sprd B (D->C): -20.73bps
2026-02-18 19:07:01 |INFO |DEBUG: No signal generated (Spread too low or negative?)
2026-02-18 19:07:01 |INFO |DEBUG: Tick end. Sleeping 1s...
2026-02-18 19:07:02 |INFO |DEBUG: Tick start...
2026-02-18 19:07:02 |INFO |DEBUG: Generating signal for ETH/USDC...
2026-02-18 19:07:07 |INFO |DEBUG PRICE: ETH/USDC | Size: 0.001 | CEX 1956.66/1956.67 | DEX Buy:1960.54 Sell:1948.77 | Sprd A (C->D): -40.36bps | Sprd B (D->C): -19.81bps
2026-02-18 19:07:07 |INFO |DEBUG: No signal generated (Spread too low or negative?)
2026-02-18 19:07:07 |INFO |DEBUG: Tick end. Sleeping 1s...
2026-02-18 19:07:08 |INFO |DEBUG: Tick start...
2026-02-18 19:07:08 |INFO |DEBUG: Generating signal for ETH/USDC...
2026-02-18 19:07:13 |INFO |DEBUG PRICE: ETH/USDC | Size: 0.001 | CEX 1957.42/1957.43 | DEX Buy:1960.54 Sell:1948.77 | Sprd A (C->D): -44.23bps | Sprd B (D->C): -15.93bps
2026-02-18 19:07:13 |INFO |DEBUG: No signal generated (Spread too low or negative?)
2026-02-18 19:07:13 |INFO |DEBUG: Tick end. Sleeping 1s...
2026-02-18 19:07:14 |INFO |DEBUG: Tick start...
2026-02-18 19:07:14 |INFO |DEBUG: Generating signal for ETH/USDC...
2026-02-18 19:07:20 |INFO |DEBUG PRICE: ETH/USDC | Size: 0.001 | CEX 1956.11/1956.12 | DEX Buy:1960.54 Sell:1948.77 | Sprd A (C->D): -37.56bps | Sprd B (D->C): -22.62bps
2026-02-18 19:07:20 |INFO |DEBUG: No signal generated (Spread too low or negative?)
2026-02-18 19:07:20 |INFO |DEBUG: Tick end. Sleeping 1s...
2026-02-18 19:07:22 |INFO |DEBUG: Tick start...
2026-02-18 19:07:22 |INFO |DEBUG: Generating signal for ETH/USDC...
2026-02-18 19:07:27 |INFO |DEBUG PRICE: ETH/USDC | Size: 0.001 | CEX 1954.99/1955.00 | DEX Buy:1960.54 Sell:1948.77 | Sprd A (C->D): -31.86bps | Sprd B (D->C): -28.33bps
2026-02-18 19:07:27 |INFO |DEBUG: No signal generated (Spread too low or negative?)
2026-02-18 19:07:27 |INFO |DEBUG: Tick end. Sleeping 1s...
2026-02-18 19:07:28 |INFO |DEBUG: Tick start...
2026-02-18 19:07:28 |INFO |DEBUG: Generating signal for ETH/USDC...
2026-02-18 19:07:33 |INFO |DEBUG PRICE: ETH/USDC | Size: 0.001 | CEX 1954.77/1954.78 | DEX Buy:1960.54 Sell:1948.77 | Sprd A (C->D): -30.73bps | Sprd B (D->C): -29.45bps
2026-02-18 19:07:33 |INFO |DEBUG: No signal generated (Spread too low or negative?)
2026-02-18 19:07:33 |INFO |DEBUG: Tick end. Sleeping 1s...
2026-02-18 19:07:34 |INFO |DEBUG: Tick start...
2026-02-18 19:07:34 |INFO |DEBUG: Generating signal for ETH/USDC...
2026-02-18 19:07:39 |INFO |DEBUG PRICE: ETH/USDC | Size: 0.001 | CEX 1956.23/1956.24 | DEX Buy:1960.54 Sell:1948.77 | Sprd A (C->D): -38.18bps | Sprd B (D->C): -22.00bps
2026-02-18 19:07:39 |INFO |DEBUG: No signal generated (Spread too low or negative?)
2026-02-18 19:07:39 |INFO |DEBUG: Tick end. Sleeping 1s...
2026-02-18 19:07:40 |INFO |DEBUG: Tick start...
2026-02-18 19:07:40 |INFO |DEBUG: Generating signal for ETH/USDC...
2026-02-18 19:07:45 |INFO |DEBUG PRICE: ETH/USDC | Size: 0.001 | CEX 1956.64/1956.65 | DEX Buy:1960.54 Sell:1948.77 | Sprd A (C->D): -40.26bps | Sprd B (D->C): -19.91bps
2026-02-18 19:07:45 |INFO |DEBUG: No signal generated (Spread too low or negative?)
2026-02-18 19:07:45 |INFO |DEBUG: Tick end. Sleeping 1s...
2026-02-18 19:07:46 |INFO |DEBUG: Tick start...
2026-02-18 19:07:46 |INFO |DEBUG: Generating signal for ETH/USDC...
2026-02-18 19:07:51 |INFO |DEBUG PRICE: ETH/USDC | Size: 0.001 | CEX 1956.77/1956.78 | DEX Buy:1960.54 Sell:1948.77 | Sprd A (C->D): -40.92bps | Sprd B (D->C): -19.25bps
2026-02-18 19:07:51 |INFO |DEBUG: No signal generated (Spread too low or negative?)
2026-02-18 19:07:51 |INFO |DEBUG: Tick end. Sleeping 1s...
2026-02-18 19:07:52 |INFO |DEBUG: Tick start...
2026-02-18 19:07:52 |INFO |DEBUG: Generating signal for ETH/USDC...
2026-02-18 19:07:57 |INFO |DEBUG PRICE: ETH/USDC | Size: 0.001 | CEX 1956.79/1956.80 | DEX Buy:1960.54 Sell:1948.77 | Sprd A (C->D): -41.03bps | Sprd B (D->C): -19.15bps
2026-02-18 19:07:57 |INFO |DEBUG: No signal generated (Spread too low or negative?)
2026-02-18 19:07:57 |INFO |DEBUG: Tick end. Sleeping 1s...
2026-02-18 19:07:58 |INFO |DEBUG: Tick start...
2026-02-18 19:07:58 |INFO |DEBUG: Generating signal for ETH/USDC...
2026-02-18 19:08:03 |INFO |DEBUG PRICE: ETH/USDC | Size: 0.001 | CEX 1957.13/1957.14 | DEX Buy:1960.54 Sell:1948.77 | Sprd A (C->D): -42.76bps | Sprd B (D->C): -17.41bps
2026-02-18 19:08:03 |INFO |DEBUG: No signal generated (Spread too low or negative?)
2026-02-18 19:08:03 |INFO |DEBUG: Tick end. Sleeping 1s...
2026-02-18 19:08:04 |INFO |DEBUG: Tick start...
2026-02-18 19:08:04 |INFO |DEBUG: Generating signal for ETH/USDC...
2026-02-18 19:08:11 |INFO |DEBUG PRICE: ETH/USDC | Size: 0.001 | CEX 1957.45/1957.46 | DEX Buy:1960.54 Sell:1948.77 | Sprd A (C->D): -44.38bps | Sprd B (D->C): -15.78bps
2026-02-18 19:08:11 |INFO |DEBUG: No signal generated (Spread too low or negative?)
2026-02-18 19:08:11 |INFO |DEBUG: Tick end. Sleeping 1s...
2026-02-18 19:08:12 |INFO |DEBUG: Tick start...
2026-02-18 19:08:12 |INFO |DEBUG: Generating signal for ETH/USDC...
2026-02-18 19:08:17 |INFO |DEBUG PRICE: ETH/USDC | Size: 0.001 | CEX 1956.67/1956.68 | DEX Buy:1960.54 Sell:1948.77 | Sprd A (C->D): -40.42bps | Sprd B (D->C): -19.76bps
2026-02-18 19:08:17 |INFO |DEBUG: No signal generated (Spread too low or negative?)
2026-02-18 19:08:17 |INFO |DEBUG: Tick end. Sleeping 1s...
2026-02-18 19:08:18 |INFO |DEBUG: Tick start...
2026-02-18 19:08:18 |INFO |DEBUG: Generating signal for ETH/USDC...
2026-02-18 19:08:23 |INFO |DEBUG PRICE: ETH/USDC | Size: 0.001 | CEX 1956.41/1956.42 | DEX Buy:1960.54 Sell:1948.77 | Sprd A (C->D): -39.09bps | Sprd B (D->C): -21.08bps
2026-02-18 19:08:23 |INFO |DEBUG: No signal generated (Spread too low or negative?)
2026-02-18 19:08:23 |INFO |DEBUG: Tick end. Sleeping 1s...
2026-02-18 19:08:24 |INFO |DEBUG: Tick start...
2026-02-18 19:08:24 |INFO |DEBUG: Generating signal for ETH/USDC...
2026-02-18 19:08:29 |INFO |DEBUG PRICE: ETH/USDC | Size: 0.001 | CEX 1956.10/1956.11 | DEX Buy:1960.54 Sell:1948.77 | Sprd A (C->D): -37.51bps | Sprd B (D->C): -22.67bps
2026-02-18 19:08:29 |INFO |DEBUG: No signal generated (Spread too low or negative?)
2026-02-18 19:08:29 |INFO |DEBUG: Tick end. Sleeping 1s...
2026-02-18 19:08:30 |INFO |DEBUG: Tick start...
2026-02-18 19:08:30 |INFO |DEBUG: Generating signal for ETH/USDC...
2026-02-18 19:08:36 |INFO |DEBUG PRICE: ETH/USDC | Size: 0.001 | CEX 1956.41/1956.42 | DEX Buy:1960.54 Sell:1948.77 | Sprd A (C->D): -39.09bps | Sprd B (D->C): -21.08bps
2026-02-18 19:08:36 |INFO |DEBUG: No signal generated (Spread too low or negative?)
2026-02-18 19:08:36 |INFO |DEBUG: Tick end. Sleeping 1s...
2026-02-18 19:08:37 |INFO |DEBUG: Tick start...
2026-02-18 19:08:37 |INFO |DEBUG: Generating signal for ETH/USDC...
2026-02-18 19:08:42 |INFO |DEBUG PRICE: ETH/USDC | Size: 0.001 | CEX 1956.35/1956.36 | DEX Buy:1960.54 Sell:1948.77 | Sprd A (C->D): -38.79bps | Sprd B (D->C): -21.39bps
2026-02-18 19:08:42 |INFO |DEBUG: No signal generated (Spread too low or negative?)
2026-02-18 19:08:42 |INFO |DEBUG: Tick end. Sleeping 1s...
2026-02-18 19:08:43 |INFO |DEBUG: Tick start...
2026-02-18 19:08:43 |INFO |DEBUG: Generating signal for ETH/USDC...
2026-02-18 19:08:48 |INFO |DEBUG PRICE: ETH/USDC | Size: 0.001 | CEX 1956.32/1956.33 | DEX Buy:1960.54 Sell:1948.77 | Sprd A (C->D): -38.63bps | Sprd B (D->C): -21.54bps
2026-02-18 19:08:48 |INFO |DEBUG: No signal generated (Spread too low or negative?)
2026-02-18 19:08:48 |INFO |DEBUG: Tick end. Sleeping 1s...
2026-02-18 19:08:49 |INFO |DEBUG: Tick start...
2026-02-18 19:08:49 |INFO |DEBUG: Generating signal for ETH/USDC...
2026-02-18 19:08:54 |INFO |DEBUG PRICE: ETH/USDC | Size: 0.001 | CEX 1956.55/1956.56 | DEX Buy:1960.54 Sell:1948.77 | Sprd A (C->D): -39.80bps | Sprd B (D->C): -20.37bps
2026-02-18 19:08:54 |INFO |DEBUG: No signal generated (Spread too low or negative?)
2026-02-18 19:08:54 |INFO |DEBUG: Tick end. Sleeping 1s...
2026-02-18 19:08:55 |INFO |DEBUG: Tick start...
2026-02-18 19:08:55 |INFO |DEBUG: Generating signal for ETH/USDC...
2026-02-18 19:08:55 |ERROR |Connection lost: received 1013 (try again later) Connection timeout exceeded; then sent 1013 (try again later) Connection timeout exceeded. Reconnecting in 5s...
2026-02-18 19:09:00 |INFO |DEBUG PRICE: ETH/USDC | Size: 0.001 | CEX 1956.27/1956.28 | DEX Buy:1960.54 Sell:1948.77 | Sprd A (C->D): -38.38bps | Sprd B (D->C): -21.80bps
2026-02-18 19:09:00 |INFO |DEBUG: No signal generated (Spread too low or negative?)
2026-02-18 19:09:00 |INFO |DEBUG: Tick end. Sleeping 1s...
2026-02-18 19:09:00 |INFO |Subscription response: {"jsonrpc":"2.0","result":"0xd9594b7b8fff2a9da28fdc04a9974948","id":1}

2026-02-18 19:09:01 |INFO |DEBUG: Tick start...
2026-02-18 19:09:01 |INFO |DEBUG: Generating signal for ETH/USDC...
2026-02-18 19:09:06 |INFO |DEBUG PRICE: ETH/USDC | Size: 0.001 | CEX 1956.03/1956.04 | DEX Buy:1960.54 Sell:1948.77 | Sprd A (C->D): -37.16bps | Sprd B (D->C): -23.02bps
2026-02-18 19:09:06 |INFO |DEBUG: No signal generated (Spread too low or negative?)
2026-02-18 19:09:06 |INFO |DEBUG: Tick end. Sleeping 1s...
2026-02-18 19:09:07 |INFO |DEBUG: Tick start...
2026-02-18 19:09:07 |INFO |DEBUG: Generating signal for ETH/USDC...
2026-02-18 19:09:12 |INFO |DEBUG PRICE: ETH/USDC | Size: 0.001 | CEX 1955.94/1955.95 | DEX Buy:1960.54 Sell:1948.77 | Sprd A (C->D): -36.70bps | Sprd B (D->C): -23.48bps
2026-02-18 19:09:12 |INFO |DEBUG: No signal generated (Spread too low or negative?)
2026-02-18 19:09:12 |INFO |DEBUG: Tick end. Sleeping 1s...
2026-02-18 19:09:13 |INFO |DEBUG: Tick start...
2026-02-18 19:09:13 |INFO |DEBUG: Generating signal for ETH/USDC...
2026-02-18 19:09:18 |INFO |DEBUG PRICE: ETH/USDC | Size: 0.001 | CEX 1956.91/1956.92 | DEX Buy:1960.54 Sell:1948.77 | Sprd A (C->D): -41.64bps | Sprd B (D->C): -18.53bps
2026-02-18 19:09:18 |INFO |DEBUG: No signal generated (Spread too low or negative?)
2026-02-18 19:09:18 |INFO |DEBUG: Tick end. Sleeping 1s...
2026-02-18 19:09:19 |INFO |DEBUG: Tick start...
2026-02-18 19:09:19 |INFO |DEBUG: Generating signal for ETH/USDC...
2026-02-18 19:09:25 |INFO |DEBUG PRICE: ETH/USDC | Size: 0.001 | CEX 1957.03/1957.04 | DEX Buy:1960.54 Sell:1948.77 | Sprd A (C->D): -42.25bps | Sprd B (D->C): -17.92bps
2026-02-18 19:09:25 |INFO |DEBUG: No signal generated (Spread too low or negative?)
2026-02-18 19:09:25 |INFO |DEBUG: Tick end. Sleeping 1s...
2026-02-18 19:09:26 |INFO |DEBUG: Tick start...
2026-02-18 19:09:26 |INFO |DEBUG: Generating signal for ETH/USDC...
2026-02-18 19:09:32 |INFO |DEBUG PRICE: ETH/USDC | Size: 0.001 | CEX 1956.28/1956.29 | DEX Buy:1960.54 Sell:1948.77 | Sprd A (C->D): -38.43bps | Sprd B (D->C): -21.75bps
2026-02-18 19:09:32 |INFO |DEBUG: No signal generated (Spread too low or negative?)
2026-02-18 19:09:32 |INFO |DEBUG: Tick end. Sleeping 1s...
2026-02-18 19:09:33 |INFO |DEBUG: Tick start...
2026-02-18 19:09:33 |INFO |DEBUG: Generating signal for ETH/USDC...
2026-02-18 19:09:38 |INFO |DEBUG PRICE: ETH/USDC | Size: 0.001 | CEX 1956.22/1956.23 | DEX Buy:1960.54 Sell:1948.77 | Sprd A (C->D): -38.12bps | Sprd B (D->C): -22.05bps
2026-02-18 19:09:38 |INFO |DEBUG: No signal generated (Spread too low or negative?)
2026-02-18 19:09:38 |INFO |DEBUG: Tick end. Sleeping 1s...
2026-02-18 19:09:39 |INFO |DEBUG: Tick start...
2026-02-18 19:09:39 |INFO |DEBUG: Generating signal for ETH/USDC...
2026-02-18 19:09:44 |INFO |DEBUG PRICE: ETH/USDC | Size: 0.001 | CEX 1957.11/1957.12 | DEX Buy:1960.54 Sell:1948.77 | Sprd A (C->D): -42.65bps | Sprd B (D->C): -17.51bps
2026-02-18 19:09:44 |INFO |DEBUG: No signal generated (Spread too low or negative?)
2026-02-18 19:09:44 |INFO |DEBUG: Tick end. Sleeping 1s...
2026-02-18 19:09:45 |INFO |DEBUG: Tick start...
2026-02-18 19:09:45 |INFO |DEBUG: Generating signal for ETH/USDC...
2026-02-18 19:09:50 |INFO |DEBUG PRICE: ETH/USDC | Size: 0.001 | CEX 1955.89/1955.90 | DEX Buy:1960.54 Sell:1948.77 | Sprd A (C->D): -36.44bps | Sprd B (D->C): -23.74bps
2026-02-18 19:09:50 |INFO |DEBUG: No signal generated (Spread too low or negative?)
2026-02-18 19:09:50 |INFO |DEBUG: Tick end. Sleeping 1s...
2026-02-18 19:09:51 |INFO |DEBUG: Tick start...
2026-02-18 19:09:51 |INFO |DEBUG: Generating signal for ETH/USDC...
2026-02-18 19:09:55 |INFO |DEBUG PRICE: ETH/USDC | Size: 0.001 | CEX 1955.58/1955.59 | DEX Buy:1960.54 Sell:1948.77 | Sprd A (C->D): -34.86bps | Sprd B (D->C): -25.32bps
2026-02-18 19:09:55 |INFO |DEBUG: No signal generated (Spread too low or negative?)
2026-02-18 19:09:55 |INFO |DEBUG: Tick end. Sleeping 1s...
2026-02-18 19:09:56 |INFO |DEBUG: Tick start...
2026-02-18 19:09:56 |INFO |DEBUG: Generating signal for ETH/USDC...
2026-02-18 19:10:02 |INFO |DEBUG PRICE: ETH/USDC | Size: 0.001 | CEX 1956.19/1956.20 | DEX Buy:1960.54 Sell:1948.77 | Sprd A (C->D): -37.97bps | Sprd B (D->C): -22.21bps
2026-02-18 19:10:02 |INFO |DEBUG: No signal generated (Spread too low or negative?)
2026-02-18 19:10:02 |INFO |DEBUG: Tick end. Sleeping 1s...
2026-02-18 19:10:04 |INFO |DEBUG: Tick start...
2026-02-18 19:10:04 |INFO |DEBUG: Generating signal for ETH/USDC...
2026-02-18 19:10:09 |INFO |DEBUG PRICE: ETH/USDC | Size: 0.001 | CEX 1956.39/1956.40 | DEX Buy:1960.54 Sell:1948.77 | Sprd A (C->D): -38.99bps | Sprd B (D->C): -21.19bps
2026-02-18 19:10:09 |INFO |DEBUG: No signal generated (Spread too low or negative?)
2026-02-18 19:10:09 |INFO |DEBUG: Tick end. Sleeping 1s...
2026-02-18 19:10:10 |INFO |DEBUG: Tick start...
2026-02-18 19:10:10 |INFO |DEBUG: Generating signal for ETH/USDC...
2026-02-18 19:10:15 |INFO |DEBUG PRICE: ETH/USDC | Size: 0.001 | CEX 1956.62/1956.63 | DEX Buy:1960.54 Sell:1948.77 | Sprd A (C->D): -40.16bps | Sprd B (D->C): -20.01bps
2026-02-18 19:10:15 |INFO |DEBUG: No signal generated (Spread too low or negative?)
2026-02-18 19:10:15 |INFO |DEBUG: Tick end. Sleeping 1s...
2026-02-18 19:10:16 |INFO |DEBUG: Tick start...
2026-02-18 19:10:16 |INFO |DEBUG: Generating signal for ETH/USDC...
2026-02-18 19:10:21 |INFO |DEBUG PRICE: ETH/USDC | Size: 0.001 | CEX 1956.89/1956.90 | DEX Buy:1960.54 Sell:1948.77 | Sprd A (C->D): -41.54bps | Sprd B (D->C): -18.64bps
2026-02-18 19:10:21 |INFO |DEBUG: No signal generated (Spread too low or negative?)
2026-02-18 19:10:21 |INFO |DEBUG: Tick end. Sleeping 1s...
2026-02-18 19:10:22 |INFO |DEBUG: Tick start...
2026-02-18 19:10:22 |INFO |DEBUG: Generating signal for ETH/USDC...
2026-02-18 19:10:27 |INFO |DEBUG PRICE: ETH/USDC | Size: 0.001 | CEX 1955.57/1955.58 | DEX Buy:1960.54 Sell:1948.77 | Sprd A (C->D): -34.81bps | Sprd B (D->C): -25.37bps
2026-02-18 19:10:27 |INFO |DEBUG: No signal generated (Spread too low or negative?)
2026-02-18 19:10:27 |INFO |DEBUG: Tick end. Sleeping 1s...
2026-02-18 19:10:28 |INFO |DEBUG: Tick start...
2026-02-18 19:10:28 |INFO |DEBUG: Generating signal for ETH/USDC...
2026-02-18 19:10:33 |INFO |DEBUG PRICE: ETH/USDC | Size: 0.001 | CEX 1955.93/1955.94 | DEX Buy:1960.54 Sell:1948.77 | Sprd A (C->D): -36.65bps | Sprd B (D->C): -23.53bps
2026-02-18 19:10:33 |INFO |DEBUG: No signal generated (Spread too low or negative?)
2026-02-18 19:10:33 |INFO |DEBUG: Tick end. Sleeping 1s...
2026-02-18 19:10:34 |INFO |DEBUG: Tick start...
2026-02-18 19:10:34 |INFO |DEBUG: Generating signal for ETH/USDC...
2026-02-18 19:10:40 |INFO |DEBUG PRICE: ETH/USDC | Size: 0.001 | CEX 1957.03/1957.04 | DEX Buy:1960.54 Sell:1948.77 | Sprd A (C->D): -42.25bps | Sprd B (D->C): -17.92bps
2026-02-18 19:10:40 |INFO |DEBUG: No signal generated (Spread too low or negative?)
2026-02-18 19:10:40 |INFO |DEBUG: Tick end. Sleeping 1s...
2026-02-18 19:10:41 |INFO |DEBUG: Tick start...
2026-02-18 19:10:41 |INFO |DEBUG: Generating signal for ETH/USDC...
2026-02-18 19:10:47 |INFO |DEBUG PRICE: ETH/USDC | Size: 0.001 | CEX 1956.96/1956.97 | DEX Buy:1960.54 Sell:1948.77 | Sprd A (C->D): -41.89bps | Sprd B (D->C): -18.28bps
2026-02-18 19:10:47 |INFO |DEBUG: No signal generated (Spread too low or negative?)
2026-02-18 19:10:47 |INFO |DEBUG: Tick end. Sleeping 1s...
2026-02-18 19:10:48 |INFO |DEBUG: Tick start...
2026-02-18 19:10:48 |INFO |DEBUG: Generating signal for ETH/USDC...
2026-02-18 19:10:54 |INFO |DEBUG PRICE: ETH/USDC | Size: 0.001 | CEX 1956.70/1956.71 | DEX Buy:1960.54 Sell:1948.77 | Sprd A (C->D): -40.57bps | Sprd B (D->C): -19.60bps
2026-02-18 19:10:54 |INFO |DEBUG: No signal generated (Spread too low or negative?)
2026-02-18 19:10:54 |INFO |DEBUG: Tick end. Sleeping 1s...
2026-02-18 19:10:55 |INFO |DEBUG: Tick start...
2026-02-18 19:10:55 |INFO |DEBUG: Generating signal for ETH/USDC...
2026-02-18 19:11:00 |INFO |DEBUG PRICE: ETH/USDC | Size: 0.001 | CEX 1957.29/1957.30 | DEX Buy:1960.54 Sell:1948.77 | Sprd A (C->D): -43.57bps | Sprd B (D->C): -16.60bps
2026-02-18 19:11:00 |INFO |DEBUG: No signal generated (Spread too low or negative?)
2026-02-18 19:11:00 |INFO |DEBUG: Tick end. Sleeping 1s...
2026-02-18 19:11:01 |INFO |DEBUG: Tick start...
2026-02-18 19:11:01 |INFO |DEBUG: Generating signal for ETH/USDC...
2026-02-18 19:11:02 |ERROR |Connection lost: received 1013 (try again later) Connection timeout exceeded; then sent 1013 (try again later) Connection timeout exceeded. Reconnecting in 5s...
2026-02-18 19:11:06 |INFO |DEBUG PRICE: ETH/USDC | Size: 0.001 | CEX 1958.47/1958.48 | DEX Buy:1960.54 Sell:1948.77 | Sprd A (C->D): -49.57bps | Sprd B (D->C): -10.58bps
2026-02-18 19:11:06 |INFO |DEBUG: No signal generated (Spread too low or negative?)
2026-02-18 19:11:06 |INFO |DEBUG: Tick end. Sleeping 1s...
2026-02-18 19:11:07 |INFO |DEBUG: Tick start...
2026-02-18 19:11:07 |INFO |DEBUG: Generating signal for ETH/USDC...
2026-02-18 19:11:07 |INFO |Subscription response: {"jsonrpc":"2.0","result":"0x92a997d3377d366c3a88ac860ef27350","id":1}

2026-02-18 19:11:13 |INFO |DEBUG PRICE: ETH/USDC | Size: 0.001 | CEX 1958.21/1958.22 | DEX Buy:1960.54 Sell:1948.77 | Sprd A (C->D): -48.25bps | Sprd B (D->C): -11.90bps
2026-02-18 19:11:13 |INFO |DEBUG: No signal generated (Spread too low or negative?)
2026-02-18 19:11:13 |INFO |DEBUG: Tick end. Sleeping 1s...
2026-02-18 19:11:14 |INFO |DEBUG: Tick start...
2026-02-18 19:11:14 |INFO |DEBUG: Generating signal for ETH/USDC...
2026-02-18 19:11:19 |INFO |DEBUG PRICE: ETH/USDC | Size: 0.001 | CEX 1958.79/1958.80 | DEX Buy:1960.54 Sell:1948.77 | Sprd A (C->D): -51.19bps | Sprd B (D->C): -8.94bps
2026-02-18 19:11:19 |INFO |DEBUG: No signal generated (Spread too low or negative?)
2026-02-18 19:11:19 |INFO |DEBUG: Tick end. Sleeping 1s...
2026-02-18 19:11:20 |INFO |DEBUG: Tick start...
2026-02-18 19:11:20 |INFO |DEBUG: Generating signal for ETH/USDC...
2026-02-18 19:11:25 |INFO |DEBUG PRICE: ETH/USDC | Size: 0.001 | CEX 1959.03/1959.04 | DEX Buy:1960.54 Sell:1948.77 | Sprd A (C->D): -52.41bps | Sprd B (D->C): -7.72bps
2026-02-18 19:11:25 |INFO |DEBUG: No signal generated (Spread too low or negative?)
2026-02-18 19:11:25 |INFO |DEBUG: Tick end. Sleeping 1s...
2026-02-18 19:11:26 |INFO |DEBUG: Tick start...
2026-02-18 19:11:26 |INFO |DEBUG: Generating signal for ETH/USDC...
2026-02-18 19:11:31 |INFO |DEBUG PRICE: ETH/USDC | Size: 0.001 | CEX 1960.29/1960.30 | DEX Buy:1960.54 Sell:1948.77 | Sprd A (C->D): -58.81bps | Sprd B (D->C): -1.29bps
2026-02-18 19:11:31 |INFO |DEBUG: No signal generated (Spread too low or negative?)
2026-02-18 19:11:31 |INFO |DEBUG: Tick end. Sleeping 1s...
2026-02-18 19:11:32 |INFO |DEBUG: Tick start...
2026-02-18 19:11:32 |INFO |DEBUG: Generating signal for ETH/USDC...
2026-02-18 19:11:37 |INFO |DEBUG PRICE: ETH/USDC | Size: 0.001 | CEX 1960.63/1960.64 | DEX Buy:1960.54 Sell:1948.77 | Sprd A (C->D): -60.53bps | Sprd B (D->C): 0.44bps
2026-02-18 19:11:37 |INFO |DEBUG: No signal generated (Spread too low or negative?)
2026-02-18 19:11:37 |INFO |DEBUG: Tick end. Sleeping 1s...
2026-02-18 19:11:38 |INFO |DEBUG: Tick start...
2026-02-18 19:11:38 |INFO |DEBUG: Generating signal for ETH/USDC...
2026-02-18 19:11:44 |INFO |DEBUG PRICE: ETH/USDC | Size: 0.001 | CEX 1960.41/1960.42 | DEX Buy:1960.54 Sell:1948.77 | Sprd A (C->D): -59.42bps | Sprd B (D->C): -0.68bps
2026-02-18 19:11:44 |INFO |DEBUG: No signal generated (Spread too low or negative?)
2026-02-18 19:11:44 |INFO |DEBUG: Tick end. Sleeping 1s...
2026-02-18 19:11:45 |INFO |DEBUG: Tick start...
2026-02-18 19:11:45 |INFO |DEBUG: Generating signal for ETH/USDC...
2026-02-18 19:11:50 |INFO |DEBUG PRICE: ETH/USDC | Size: 0.001 | CEX 1959.43/1959.44 | DEX Buy:1960.54 Sell:1948.77 | Sprd A (C->D): -54.44bps | Sprd B (D->C): -5.68bps
2026-02-18 19:11:50 |INFO |DEBUG: No signal generated (Spread too low or negative?)
2026-02-18 19:11:50 |INFO |DEBUG: Tick end. Sleeping 1s...
2026-02-18 19:11:51 |INFO |DEBUG: Tick start...
2026-02-18 19:11:51 |INFO |DEBUG: Generating signal for ETH/USDC...
2026-02-18 19:11:56 |INFO |DEBUG PRICE: ETH/USDC | Size: 0.001 | CEX 1957.92/1957.93 | DEX Buy:1960.54 Sell:1948.77 | Sprd A (C->D): -46.77bps | Sprd B (D->C): -13.38bps
2026-02-18 19:11:56 |INFO |DEBUG: No signal generated (Spread too low or negative?)
2026-02-18 19:11:56 |INFO |DEBUG: Tick end. Sleeping 1s...
2026-02-18 19:11:57 |INFO |DEBUG: Tick start...
2026-02-18 19:11:57 |INFO |DEBUG: Generating signal for ETH/USDC...
2026-02-18 19:12:02 |INFO |DEBUG PRICE: ETH/USDC | Size: 0.001 | CEX 1958.17/1958.18 | DEX Buy:1960.54 Sell:1948.77 | Sprd A (C->D): -48.04bps | Sprd B (D->C): -12.11bps
2026-02-18 19:12:02 |INFO |DEBUG: No signal generated (Spread too low or negative?)
2026-02-18 19:12:02 |INFO |DEBUG: Tick end. Sleeping 1s...
2026-02-18 19:12:03 |INFO |DEBUG: Tick start...
2026-02-18 19:12:03 |INFO |DEBUG: Generating signal for ETH/USDC...
2026-02-18 19:12:08 |INFO |DEBUG PRICE: ETH/USDC | Size: 0.001 | CEX 1957.05/1957.06 | DEX Buy:1960.54 Sell:1948.77 | Sprd A (C->D): -42.35bps | Sprd B (D->C): -17.82bps
2026-02-18 19:12:08 |INFO |DEBUG: No signal generated (Spread too low or negative?)
2026-02-18 19:12:08 |INFO |DEBUG: Tick end. Sleeping 1s...
2026-02-18 19:12:09 |INFO |DEBUG: Tick start...
2026-02-18 19:12:09 |INFO |DEBUG: Generating signal for ETH/USDC...
2026-02-18 19:12:15 |INFO |DEBUG PRICE: ETH/USDC | Size: 0.001 | CEX 1956.46/1956.47 | DEX Buy:1960.54 Sell:1948.77 | Sprd A (C->D): -39.35bps | Sprd B (D->C): -20.83bps
2026-02-18 19:12:15 |INFO |DEBUG: No signal generated (Spread too low or negative?)
2026-02-18 19:12:15 |INFO |DEBUG: Tick end. Sleeping 1s...
2026-02-18 19:12:16 |INFO |DEBUG: Tick start...
2026-02-18 19:12:16 |INFO |DEBUG: Generating signal for ETH/USDC...
2026-02-18 19:12:22 |INFO |DEBUG PRICE: ETH/USDC | Size: 0.001 | CEX 1956.31/1956.32 | DEX Buy:1960.54 Sell:1948.77 | Sprd A (C->D): -38.58bps | Sprd B (D->C): -21.59bps
2026-02-18 19:12:22 |INFO |DEBUG: No signal generated (Spread too low or negative?)
2026-02-18 19:12:22 |INFO |DEBUG: Tick end. Sleeping 1s...
2026-02-18 19:12:23 |INFO |DEBUG: Tick start...
2026-02-18 19:12:23 |INFO |DEBUG: Generating signal for ETH/USDC...
2026-02-18 19:12:28 |INFO |DEBUG PRICE: ETH/USDC | Size: 0.001 | CEX 1956.58/1956.59 | DEX Buy:1960.54 Sell:1948.77 | Sprd A (C->D): -39.96bps | Sprd B (D->C): -20.22bps
2026-02-18 19:12:28 |INFO |DEBUG: No signal generated (Spread too low or negative?)
2026-02-18 19:12:28 |INFO |DEBUG: Tick end. Sleeping 1s...
2026-02-18 19:12:29 |INFO |DEBUG: Tick start...
2026-02-18 19:12:29 |INFO |DEBUG: Generating signal for ETH/USDC...
2026-02-18 19:12:34 |INFO |DEBUG PRICE: ETH/USDC | Size: 0.001 | CEX 1956.98/1956.99 | DEX Buy:1960.54 Sell:1948.77 | Sprd A (C->D): -41.99bps | Sprd B (D->C): -18.18bps
2026-02-18 19:12:34 |INFO |DEBUG: No signal generated (Spread too low or negative?)
2026-02-18 19:12:34 |INFO |DEBUG: Tick end. Sleeping 1s...
2026-02-18 19:12:35 |INFO |DEBUG: Tick start...
2026-02-18 19:12:35 |INFO |DEBUG: Generating signal for ETH/USDC...
2026-02-18 19:12:40 |INFO |DEBUG PRICE: ETH/USDC | Size: 0.001 | CEX 1956.23/1956.24 | DEX Buy:1960.54 Sell:1948.77 | Sprd A (C->D): -38.18bps | Sprd B (D->C): -22.00bps
2026-02-18 19:12:40 |INFO |DEBUG: No signal generated (Spread too low or negative?)
2026-02-18 19:12:40 |INFO |DEBUG: Tick end. Sleeping 1s...
2026-02-18 19:12:41 |INFO |DEBUG: Tick start...
2026-02-18 19:12:41 |INFO |DEBUG: Generating signal for ETH/USDC...
2026-02-18 19:12:46 |INFO |DEBUG PRICE: ETH/USDC | Size: 0.001 | CEX 1956.68/1956.69 | DEX Buy:1960.54 Sell:1948.77 | Sprd A (C->D): -40.47bps | Sprd B (D->C): -19.71bps
2026-02-18 19:12:46 |INFO |DEBUG: No signal generated (Spread too low or negative?)
2026-02-18 19:12:46 |INFO |DEBUG: Tick end. Sleeping 1s...
2026-02-18 19:12:47 |INFO |DEBUG: Tick start...
2026-02-18 19:12:47 |INFO |DEBUG: Generating signal for ETH/USDC...
2026-02-18 19:12:53 |INFO |DEBUG PRICE: ETH/USDC | Size: 0.001 | CEX 1956.19/1956.20 | DEX Buy:1960.54 Sell:1948.77 | Sprd A (C->D): -37.97bps | Sprd B (D->C): -22.21bps
2026-02-18 19:12:53 |INFO |DEBUG: No signal generated (Spread too low or negative?)
2026-02-18 19:12:53 |INFO |DEBUG: Tick end. Sleeping 1s...
2026-02-18 19:12:54 |INFO |DEBUG: Tick start...
2026-02-18 19:12:54 |INFO |DEBUG: Generating signal for ETH/USDC...
2026-02-18 19:12:59 |INFO |DEBUG PRICE: ETH/USDC | Size: 0.001 | CEX 1955.92/1955.93 | DEX Buy:1960.54 Sell:1948.77 | Sprd A (C->D): -36.60bps | Sprd B (D->C): -23.58bps
2026-02-18 19:12:59 |INFO |DEBUG: No signal generated (Spread too low or negative?)
2026-02-18 19:12:59 |INFO |DEBUG: Tick end. Sleeping 1s...
2026-02-18 19:13:00 |INFO |DEBUG: Tick start...
2026-02-18 19:13:00 |INFO |DEBUG: Generating signal for ETH/USDC...
2026-02-18 19:13:05 |INFO |DEBUG PRICE: ETH/USDC | Size: 0.001 | CEX 1956.47/1956.48 | DEX Buy:1960.54 Sell:1948.77 | Sprd A (C->D): -39.40bps | Sprd B (D->C): -20.78bps
2026-02-18 19:13:05 |INFO |DEBUG: No signal generated (Spread too low or negative?)
2026-02-18 19:13:05 |INFO |DEBUG: Tick end. Sleeping 1s...
2026-02-18 19:13:06 |INFO |DEBUG: Tick start...
2026-02-18 19:13:06 |INFO |DEBUG: Generating signal for ETH/USDC...
2026-02-18 19:13:08 |ERROR |Connection lost: received 1013 (try again later) Connection timeout exceeded; then sent 1013 (try again later) Connection timeout exceeded. Reconnecting in 5s...
2026-02-18 19:13:11 |INFO |DEBUG PRICE: ETH/USDC | Size: 0.001 | CEX 1956.27/1956.28 | DEX Buy:1960.54 Sell:1948.77 | Sprd A (C->D): -38.38bps | Sprd B (D->C): -21.80bps
2026-02-18 19:13:11 |INFO |DEBUG: No signal generated (Spread too low or negative?)
2026-02-18 19:13:11 |INFO |DEBUG: Tick end. Sleeping 1s...
2026-02-18 19:13:12 |INFO |DEBUG: Tick start...
2026-02-18 19:13:12 |INFO |DEBUG: Generating signal for ETH/USDC...
2026-02-18 19:13:14 |INFO |Subscription response: {"jsonrpc":"2.0","result":"0x0e99059f8e1d3d33a69ec2c4d7aeb9fb","id":1}

2026-02-18 19:13:17 |INFO |DEBUG PRICE: ETH/USDC | Size: 0.001 | CEX 1955.74/1955.75 | DEX Buy:1960.54 Sell:1948.77 | Sprd A (C->D): -35.68bps | Sprd B (D->C): -24.50bps
2026-02-18 19:13:17 |INFO |DEBUG: No signal generated (Spread too low or negative?)
2026-02-18 19:13:17 |INFO |DEBUG: Tick end. Sleeping 1s...
2026-02-18 19:13:18 |INFO |DEBUG: Tick start...
2026-02-18 19:13:18 |INFO |DEBUG: Generating signal for ETH/USDC...
2026-02-18 19:13:23 |INFO |DEBUG PRICE: ETH/USDC | Size: 0.001 | CEX 1955.69/1955.70 | DEX Buy:1960.54 Sell:1948.77 | Sprd A (C->D): -35.42bps | Sprd B (D->C): -24.76bps
2026-02-18 19:13:23 |INFO |DEBUG: No signal generated (Spread too low or negative?)
2026-02-18 19:13:23 |INFO |DEBUG: Tick end. Sleeping 1s...
2026-02-18 19:13:25 |INFO |DEBUG: Tick start...
2026-02-18 19:13:25 |INFO |DEBUG: Generating signal for ETH/USDC...
2026-02-18 19:13:31 |INFO |DEBUG PRICE: ETH/USDC | Size: 0.001 | CEX 1953.00/1953.01 | DEX Buy:1960.54 Sell:1948.77 | Sprd A (C->D): -21.70bps | Sprd B (D->C): -38.48bps
2026-02-18 19:13:31 |INFO |DEBUG: No signal generated (Spread too low or negative?)
2026-02-18 19:13:31 |INFO |DEBUG: Tick end. Sleeping 1s...
2026-02-18 19:13:32 |INFO |DEBUG: Tick start...
2026-02-18 19:13:32 |INFO |DEBUG: Generating signal for ETH/USDC...
2026-02-18 19:13:37 |INFO |DEBUG PRICE: ETH/USDC | Size: 0.001 | CEX 1952.44/1952.45 | DEX Buy:1960.54 Sell:1948.77 | Sprd A (C->D): -18.84bps | Sprd B (D->C): -41.33bps
2026-02-18 19:13:37 |INFO |DEBUG: No signal generated (Spread too low or negative?)
2026-02-18 19:13:37 |INFO |DEBUG: Tick end. Sleeping 1s...
2026-02-18 19:13:38 |INFO |DEBUG: Tick start...
2026-02-18 19:13:38 |INFO |DEBUG: Generating signal for ETH/USDC...
2026-02-18 19:13:43 |INFO |DEBUG PRICE: ETH/USDC | Size: 0.001 | CEX 1952.95/1952.96 | DEX Buy:1960.54 Sell:1948.77 | Sprd A (C->D): -21.44bps | Sprd B (D->C): -38.73bps
2026-02-18 19:13:43 |INFO |DEBUG: No signal generated (Spread too low or negative?)
2026-02-18 19:13:43 |INFO |DEBUG: Tick end. Sleeping 1s...
2026-02-18 19:13:44 |INFO |DEBUG: Tick start...
2026-02-18 19:13:44 |INFO |DEBUG: Generating signal for ETH/USDC...
2026-02-18 19:13:49 |INFO |DEBUG PRICE: ETH/USDC | Size: 0.001 | CEX 1953.37/1953.38 | DEX Buy:1960.54 Sell:1948.77 | Sprd A (C->D): -23.59bps | Sprd B (D->C): -36.59bps
2026-02-18 19:13:49 |INFO |DEBUG: No signal generated (Spread too low or negative?)
2026-02-18 19:13:49 |INFO |DEBUG: Tick end. Sleeping 1s...
2026-02-18 19:13:50 |INFO |DEBUG: Tick start...
2026-02-18 19:13:50 |INFO |DEBUG: Generating signal for ETH/USDC...
2026-02-18 19:13:55 |INFO |DEBUG PRICE: ETH/USDC | Size: 0.001 | CEX 1954.09/1954.10 | DEX Buy:1960.54 Sell:1948.77 | Sprd A (C->D): -27.27bps | Sprd B (D->C): -32.92bps
2026-02-18 19:13:55 |INFO |DEBUG: No signal generated (Spread too low or negative?)
2026-02-18 19:13:55 |INFO |DEBUG: Tick end. Sleeping 1s...
2026-02-18 19:13:56 |INFO |DEBUG: Tick start...
2026-02-18 19:13:56 |INFO |DEBUG: Generating signal for ETH/USDC...
2026-02-18 19:14:01 |INFO |DEBUG PRICE: ETH/USDC | Size: 0.001 | CEX 1954.89/1954.90 | DEX Buy:1960.54 Sell:1948.77 | Sprd A (C->D): -31.35bps | Sprd B (D->C): -28.84bps
2026-02-18 19:14:01 |INFO |DEBUG: No signal generated (Spread too low or negative?)
2026-02-18 19:14:01 |INFO |DEBUG: Tick end. Sleeping 1s...
2026-02-18 19:14:02 |INFO |DEBUG: Tick start...
2026-02-18 19:14:02 |INFO |DEBUG: Generating signal for ETH/USDC...
2026-02-18 19:14:07 |INFO |DEBUG PRICE: ETH/USDC | Size: 0.001 | CEX 1954.16/1954.17 | DEX Buy:1960.54 Sell:1948.77 | Sprd A (C->D): -27.62bps | Sprd B (D->C): -32.56bps
2026-02-18 19:14:07 |INFO |DEBUG: No signal generated (Spread too low or negative?)
2026-02-18 19:14:07 |INFO |DEBUG: Tick end. Sleeping 1s...
2026-02-18 19:14:08 |INFO |DEBUG: Tick start...
2026-02-18 19:14:08 |INFO |DEBUG: Generating signal for ETH/USDC...
2026-02-18 19:14:15 |INFO |DEBUG PRICE: ETH/USDC | Size: 0.001 | CEX 1954.61/1954.62 | DEX Buy:1960.54 Sell:1948.77 | Sprd A (C->D): -29.92bps | Sprd B (D->C): -30.26bps
2026-02-18 19:14:15 |INFO |DEBUG: No signal generated (Spread too low or negative?)
2026-02-18 19:14:15 |INFO |DEBUG: Tick end. Sleeping 1s...
2026-02-18 19:14:16 |INFO |DEBUG: Tick start...
2026-02-18 19:14:16 |INFO |DEBUG: Generating signal for ETH/USDC...
2026-02-18 19:14:21 |INFO |DEBUG PRICE: ETH/USDC | Size: 0.001 | CEX 1954.36/1954.37 | DEX Buy:1960.54 Sell:1948.77 | Sprd A (C->D): -28.64bps | Sprd B (D->C): -31.54bps
2026-02-18 19:14:21 |INFO |DEBUG: No signal generated (Spread too low or negative?)
2026-02-18 19:14:21 |INFO |DEBUG: Tick end. Sleeping 1s...
2026-02-18 19:14:22 |INFO |DEBUG: Tick start...
2026-02-18 19:14:22 |INFO |DEBUG: Generating signal for ETH/USDC...
2026-02-18 19:14:26 |INFO |DEBUG PRICE: ETH/USDC | Size: 0.001 | CEX 1954.87/1954.88 | DEX Buy:1960.54 Sell:1948.77 | Sprd A (C->D): -31.24bps | Sprd B (D->C): -28.94bps
2026-02-18 19:14:26 |INFO |DEBUG: No signal generated (Spread too low or negative?)
2026-02-18 19:14:26 |INFO |DEBUG: Tick end. Sleeping 1s...
2026-02-18 19:14:27 |INFO |DEBUG: Tick start...
2026-02-18 19:14:27 |INFO |DEBUG: Generating signal for ETH/USDC...
2026-02-18 19:14:32 |INFO |DEBUG PRICE: ETH/USDC | Size: 0.001 | CEX 1954.34/1954.35 | DEX Buy:1960.54 Sell:1948.77 | Sprd A (C->D): -28.54bps | Sprd B (D->C): -31.64bps
2026-02-18 19:14:32 |INFO |DEBUG: No signal generated (Spread too low or negative?)
2026-02-18 19:14:32 |INFO |DEBUG: Tick end. Sleeping 1s...
2026-02-18 19:14:33 |INFO |DEBUG: Tick start...
2026-02-18 19:14:33 |INFO |DEBUG: Generating signal for ETH/USDC...
2026-02-18 19:14:38 |INFO |DEBUG PRICE: ETH/USDC | Size: 0.001 | CEX 1954.63/1954.64 | DEX Buy:1960.54 Sell:1948.77 | Sprd A (C->D): -30.02bps | Sprd B (D->C): -30.16bps
2026-02-18 19:14:38 |INFO |DEBUG: No signal generated (Spread too low or negative?)
2026-02-18 19:14:38 |INFO |DEBUG: Tick end. Sleeping 1s...
2026-02-18 19:14:39 |INFO |DEBUG: Tick start...
2026-02-18 19:14:39 |INFO |DEBUG: Generating signal for ETH/USDC...
2026-02-18 19:14:44 |INFO |DEBUG PRICE: ETH/USDC | Size: 0.001 | CEX 1954.49/1954.50 | DEX Buy:1960.54 Sell:1948.77 | Sprd A (C->D): -29.31bps | Sprd B (D->C): -30.88bps
2026-02-18 19:14:44 |INFO |DEBUG: No signal generated (Spread too low or negative?)
2026-02-18 19:14:44 |INFO |DEBUG: Tick end. Sleeping 1s...
2026-02-18 19:14:45 |INFO |DEBUG: Tick start...
2026-02-18 19:14:45 |INFO |DEBUG: Generating signal for ETH/USDC...
2026-02-18 19:14:50 |INFO |DEBUG PRICE: ETH/USDC | Size: 0.001 | CEX 1954.32/1954.33 | DEX Buy:1960.54 Sell:1948.77 | Sprd A (C->D): -28.44bps | Sprd B (D->C): -31.74bps
2026-02-18 19:14:50 |INFO |DEBUG: No signal generated (Spread too low or negative?)
2026-02-18 19:14:50 |INFO |DEBUG: Tick end. Sleeping 1s...
2026-02-18 19:14:51 |INFO |DEBUG: Tick start...
2026-02-18 19:14:51 |INFO |DEBUG: Generating signal for ETH/USDC...
2026-02-18 19:14:56 |INFO |DEBUG PRICE: ETH/USDC | Size: 0.001 | CEX 1954.71/1954.72 | DEX Buy:1960.54 Sell:1948.77 | Sprd A (C->D): -30.43bps | Sprd B (D->C): -29.75bps
2026-02-18 19:14:56 |INFO |DEBUG: No signal generated (Spread too low or negative?)
2026-02-18 19:14:56 |INFO |DEBUG: Tick end. Sleeping 1s...
2026-02-18 19:14:57 |INFO |DEBUG: Tick start...
2026-02-18 19:14:57 |INFO |DEBUG: Generating signal for ETH/USDC...
2026-02-18 19:15:04 |INFO |DEBUG PRICE: ETH/USDC | Size: 0.001 | CEX 1954.48/1954.49 | DEX Buy:1960.54 Sell:1948.77 | Sprd A (C->D): -29.26bps | Sprd B (D->C): -30.93bps
2026-02-18 19:15:04 |INFO |DEBUG: No signal generated (Spread too low or negative?)
2026-02-18 19:15:04 |INFO |DEBUG: Tick end. Sleeping 1s...
2026-02-18 19:15:05 |INFO |DEBUG: Tick start...
2026-02-18 19:15:05 |INFO |DEBUG: Generating signal for ETH/USDC...
2026-02-18 19:15:10 |INFO |DEBUG PRICE: ETH/USDC | Size: 0.001 | CEX 1954.41/1954.42 | DEX Buy:1960.54 Sell:1948.77 | Sprd A (C->D): -28.90bps | Sprd B (D->C): -31.29bps
2026-02-18 19:15:10 |INFO |DEBUG: No signal generated (Spread too low or negative?)
2026-02-18 19:15:10 |INFO |DEBUG: Tick end. Sleeping 1s...
2026-02-18 19:15:11 |INFO |DEBUG: Tick start...
2026-02-18 19:15:11 |INFO |DEBUG: Generating signal for ETH/USDC...
2026-02-18 19:15:15 |ERROR |Connection lost: received 1013 (try again later) Connection timeout exceeded; then sent 1013 (try again later) Connection timeout exceeded. Reconnecting in 5s...
2026-02-18 19:15:15 |INFO |DEBUG PRICE: ETH/USDC | Size: 0.001 | CEX 1954.00/1954.01 | DEX Buy:1960.54 Sell:1948.77 | Sprd A (C->D): -26.81bps | Sprd B (D->C): -33.38bps
2026-02-18 19:15:15 |INFO |DEBUG: No signal generated (Spread too low or negative?)
2026-02-18 19:15:15 |INFO |DEBUG: Tick end. Sleeping 1s...
2026-02-18 19:15:16 |INFO |DEBUG: Tick start...
2026-02-18 19:15:16 |INFO |DEBUG: Generating signal for ETH/USDC...
2026-02-18 19:15:20 |INFO |Subscription response: {"jsonrpc":"2.0","result":"0x7f23b9587d9cec4926cec273b1f50a69","id":1}

2026-02-18 19:15:21 |INFO |DEBUG PRICE: ETH/USDC | Size: 0.001 | CEX 1954.53/1954.54 | DEX Buy:1960.54 Sell:1948.77 | Sprd A (C->D): -29.51bps | Sprd B (D->C): -30.67bps
2026-02-18 19:15:21 |INFO |DEBUG: No signal generated (Spread too low or negative?)
2026-02-18 19:15:21 |INFO |DEBUG: Tick end. Sleeping 1s...
2026-02-18 19:15:22 |INFO |DEBUG: Tick start...
2026-02-18 19:15:22 |INFO |DEBUG: Generating signal for ETH/USDC...
2026-02-18 19:15:27 |INFO |DEBUG PRICE: ETH/USDC | Size: 0.001 | CEX 1953.83/1953.84 | DEX Buy:1960.54 Sell:1948.77 | Sprd A (C->D): -25.94bps | Sprd B (D->C): -34.24bps
2026-02-18 19:15:27 |INFO |DEBUG: No signal generated (Spread too low or negative?)
2026-02-18 19:15:27 |INFO |DEBUG: Tick end. Sleeping 1s...
2026-02-18 19:15:28 |INFO |DEBUG: Tick start...
2026-02-18 19:15:28 |INFO |DEBUG: Generating signal for ETH/USDC...
2026-02-18 19:15:33 |INFO |DEBUG PRICE: ETH/USDC | Size: 0.001 | CEX 1953.75/1953.76 | DEX Buy:1960.54 Sell:1948.77 | Sprd A (C->D): -25.53bps | Sprd B (D->C): -34.65bps
2026-02-18 19:15:33 |INFO |DEBUG: No signal generated (Spread too low or negative?)
2026-02-18 19:15:33 |INFO |DEBUG: Tick end. Sleeping 1s...
2026-02-18 19:15:34 |INFO |DEBUG: Tick start...
2026-02-18 19:15:34 |INFO |DEBUG: Generating signal for ETH/USDC...
2026-02-18 19:15:41 |INFO |DEBUG PRICE: ETH/USDC | Size: 0.001 | CEX 1953.69/1953.70 | DEX Buy:1960.54 Sell:1948.77 | Sprd A (C->D): -25.22bps | Sprd B (D->C): -34.96bps
2026-02-18 19:15:41 |INFO |DEBUG: No signal generated (Spread too low or negative?)
2026-02-18 19:15:41 |INFO |DEBUG: Tick end. Sleeping 1s...
2026-02-18 19:15:42 |INFO |DEBUG: Tick start...
2026-02-18 19:15:42 |INFO |DEBUG: Generating signal for ETH/USDC...
2026-02-18 19:15:46 |INFO |DEBUG PRICE: ETH/USDC | Size: 0.001 | CEX 1954.23/1954.24 | DEX Buy:1960.54 Sell:1948.77 | Sprd A (C->D): -27.98bps | Sprd B (D->C): -32.20bps
2026-02-18 19:15:46 |INFO |DEBUG: No signal generated (Spread too low or negative?)
2026-02-18 19:15:46 |INFO |DEBUG: Tick end. Sleeping 1s...
2026-02-18 19:15:47 |INFO |DEBUG: Tick start...
2026-02-18 19:15:47 |INFO |DEBUG: Generating signal for ETH/USDC...
2026-02-18 19:15:53 |INFO |DEBUG PRICE: ETH/USDC | Size: 0.001 | CEX 1954.47/1954.48 | DEX Buy:1960.54 Sell:1948.77 | Sprd A (C->D): -29.20bps | Sprd B (D->C): -30.98bps
2026-02-18 19:15:53 |INFO |DEBUG: No signal generated (Spread too low or negative?)
2026-02-18 19:15:53 |INFO |DEBUG: Tick end. Sleeping 1s...
2026-02-18 19:15:54 |INFO |DEBUG: Tick start...
2026-02-18 19:15:54 |INFO |DEBUG: Generating signal for ETH/USDC...
2026-02-18 19:15:59 |INFO |DEBUG PRICE: ETH/USDC | Size: 0.001 | CEX 1953.80/1953.81 | DEX Buy:1960.54 Sell:1948.77 | Sprd A (C->D): -25.79bps | Sprd B (D->C): -34.40bps
2026-02-18 19:15:59 |INFO |DEBUG: No signal generated (Spread too low or negative?)
2026-02-18 19:15:59 |INFO |DEBUG: Tick end. Sleeping 1s...
2026-02-18 19:16:00 |INFO |DEBUG: Tick start...
2026-02-18 19:16:00 |INFO |DEBUG: Generating signal for ETH/USDC...
2026-02-18 19:16:04 |INFO |DEBUG PRICE: ETH/USDC | Size: 0.001 | CEX 1953.67/1953.68 | DEX Buy:1960.54 Sell:1948.77 | Sprd A (C->D): -25.12bps | Sprd B (D->C): -35.06bps
2026-02-18 19:16:04 |INFO |DEBUG: No signal generated (Spread too low or negative?)
2026-02-18 19:16:04 |INFO |DEBUG: Tick end. Sleeping 1s...
2026-02-18 19:16:05 |INFO |DEBUG: Tick start...
2026-02-18 19:16:05 |INFO |DEBUG: Generating signal for ETH/USDC...
2026-02-18 19:16:12 |INFO |DEBUG PRICE: ETH/USDC | Size: 0.001 | CEX 1953.37/1953.38 | DEX Buy:1960.54 Sell:1948.77 | Sprd A (C->D): -23.59bps | Sprd B (D->C): -36.59bps
2026-02-18 19:16:12 |INFO |DEBUG: No signal generated (Spread too low or negative?)
2026-02-18 19:16:12 |INFO |DEBUG: Tick end. Sleeping 1s...
2026-02-18 19:16:13 |INFO |DEBUG: Tick start...
2026-02-18 19:16:13 |INFO |DEBUG: Generating signal for ETH/USDC...
2026-02-18 19:16:18 |INFO |DEBUG PRICE: ETH/USDC | Size: 0.001 | CEX 1953.32/1953.33 | DEX Buy:1960.54 Sell:1948.77 | Sprd A (C->D): -23.33bps | Sprd B (D->C): -36.84bps
2026-02-18 19:16:18 |INFO |DEBUG: No signal generated (Spread too low or negative?)
2026-02-18 19:16:18 |INFO |DEBUG: Tick end. Sleeping 1s...
2026-02-18 19:16:19 |INFO |DEBUG: Tick start...
2026-02-18 19:16:19 |INFO |DEBUG: Generating signal for ETH/USDC...
2026-02-18 19:16:24 |INFO |DEBUG PRICE: ETH/USDC | Size: 0.001 | CEX 1954.28/1954.29 | DEX Buy:1960.54 Sell:1948.77 | Sprd A (C->D): -28.24bps | Sprd B (D->C): -31.95bps
2026-02-18 19:16:24 |INFO |DEBUG: No signal generated (Spread too low or negative?)
2026-02-18 19:16:24 |INFO |DEBUG: Tick end. Sleeping 1s...
2026-02-18 19:16:25 |INFO |DEBUG: Tick start...
2026-02-18 19:16:25 |INFO |DEBUG: Generating signal for ETH/USDC...
2026-02-18 19:16:30 |INFO |DEBUG PRICE: ETH/USDC | Size: 0.001 | CEX 1954.69/1954.70 | DEX Buy:1960.54 Sell:1948.77 | Sprd A (C->D): -30.33bps | Sprd B (D->C): -29.86bps
2026-02-18 19:16:30 |INFO |DEBUG: No signal generated (Spread too low or negative?)
2026-02-18 19:16:30 |INFO |DEBUG: Tick end. Sleeping 1s...
2026-02-18 19:16:31 |INFO |DEBUG: Tick start...
2026-02-18 19:16:31 |INFO |DEBUG: Generating signal for ETH/USDC...
2026-02-18 19:16:36 |INFO |DEBUG PRICE: ETH/USDC | Size: 0.001 | CEX 1954.89/1954.90 | DEX Buy:1960.54 Sell:1948.77 | Sprd A (C->D): -31.35bps | Sprd B (D->C): -28.84bps
2026-02-18 19:16:36 |INFO |DEBUG: No signal generated (Spread too low or negative?)
2026-02-18 19:16:36 |INFO |DEBUG: Tick end. Sleeping 1s...
2026-02-18 19:16:37 |INFO |DEBUG: Tick start...
2026-02-18 19:16:37 |INFO |DEBUG: Generating signal for ETH/USDC...
2026-02-18 19:16:42 |INFO |DEBUG PRICE: ETH/USDC | Size: 0.001 | CEX 1954.30/1954.31 | DEX Buy:1960.54 Sell:1948.77 | Sprd A (C->D): -28.34bps | Sprd B (D->C): -31.85bps
2026-02-18 19:16:42 |INFO |DEBUG: No signal generated (Spread too low or negative?)
2026-02-18 19:16:42 |INFO |DEBUG: Tick end. Sleeping 1s...
2026-02-18 19:16:43 |INFO |DEBUG: Tick start...
2026-02-18 19:16:43 |INFO |DEBUG: Generating signal for ETH/USDC...
2026-02-18 19:16:50 |INFO |DEBUG PRICE: ETH/USDC | Size: 0.001 | CEX 1954.24/1954.25 | DEX Buy:1960.54 Sell:1948.77 | Sprd A (C->D): -28.03bps | Sprd B (D->C): -32.15bps
2026-02-18 19:16:50 |INFO |DEBUG: No signal generated (Spread too low or negative?)
2026-02-18 19:16:50 |INFO |DEBUG: Tick end. Sleeping 1s...
2026-02-18 19:16:51 |INFO |DEBUG: Tick start...
2026-02-18 19:16:51 |INFO |DEBUG: Generating signal for ETH/USDC...
2026-02-18 19:16:55 |INFO |DEBUG PRICE: ETH/USDC | Size: 0.001 | CEX 1953.96/1953.97 | DEX Buy:1960.54 Sell:1948.77 | Sprd A (C->D): -26.60bps | Sprd B (D->C): -33.58bps
2026-02-18 19:16:55 |INFO |DEBUG: No signal generated (Spread too low or negative?)
2026-02-18 19:16:55 |INFO |DEBUG: Tick end. Sleeping 1s...
2026-02-18 19:16:56 |INFO |DEBUG: Tick start...
2026-02-18 19:16:56 |INFO |DEBUG: Generating signal for ETH/USDC...
2026-02-18 19:17:01 |INFO |DEBUG PRICE: ETH/USDC | Size: 0.001 | CEX 1952.96/1952.97 | DEX Buy:1960.54 Sell:1948.77 | Sprd A (C->D): -21.50bps | Sprd B (D->C): -38.68bps
2026-02-18 19:17:01 |INFO |DEBUG: No signal generated (Spread too low or negative?)
2026-02-18 19:17:01 |INFO |DEBUG: Tick end. Sleeping 1s...
2026-02-18 19:17:02 |INFO |DEBUG: Tick start...
2026-02-18 19:17:02 |INFO |DEBUG: Generating signal for ETH/USDC...
2026-02-18 19:17:07 |INFO |DEBUG PRICE: ETH/USDC | Size: 0.001 | CEX 1953.46/1953.47 | DEX Buy:1960.54 Sell:1948.77 | Sprd A (C->D): -24.05bps | Sprd B (D->C): -36.13bps
2026-02-18 19:17:07 |INFO |DEBUG: No signal generated (Spread too low or negative?)
2026-02-18 19:17:07 |INFO |DEBUG: Tick end. Sleeping 1s...
2026-02-18 19:17:08 |INFO |DEBUG: Tick start...
2026-02-18 19:17:08 |INFO |DEBUG: Generating signal for ETH/USDC...
2026-02-18 19:17:13 |INFO |DEBUG PRICE: ETH/USDC | Size: 0.001 | CEX 1952.27/1952.28 | DEX Buy:1960.54 Sell:1948.77 | Sprd A (C->D): -17.97bps | Sprd B (D->C): -42.20bps
2026-02-18 19:17:13 |INFO |DEBUG: No signal generated (Spread too low or negative?)
2026-02-18 19:17:13 |INFO |DEBUG: Tick end. Sleeping 1s...
2026-02-18 19:17:14 |INFO |DEBUG: Tick start...
2026-02-18 19:17:14 |INFO |DEBUG: Generating signal for ETH/USDC...
2026-02-18 19:17:20 |INFO |DEBUG PRICE: ETH/USDC | Size: 0.001 | CEX 1952.49/1952.50 | DEX Buy:1960.54 Sell:1948.77 | Sprd A (C->D): -19.09bps | Sprd B (D->C): -41.08bps
2026-02-18 19:17:20 |INFO |DEBUG: No signal generated (Spread too low or negative?)
2026-02-18 19:17:20 |INFO |DEBUG: Tick end. Sleeping 1s...
2026-02-18 19:17:21 |INFO |DEBUG: Tick start...
2026-02-18 19:17:21 |INFO |DEBUG: Generating signal for ETH/USDC...
2026-02-18 19:17:22 |ERROR |Connection lost: received 1013 (try again later) Connection timeout exceeded; then sent 1013 (try again later) Connection timeout exceeded. Reconnecting in 5s...
2026-02-18 19:17:26 |INFO |DEBUG PRICE: ETH/USDC | Size: 0.001 | CEX 1953.11/1953.12 | DEX Buy:1960.54 Sell:1948.77 | Sprd A (C->D): -22.26bps | Sprd B (D->C): -37.92bps
2026-02-18 19:17:26 |INFO |DEBUG: No signal generated (Spread too low or negative?)
2026-02-18 19:17:26 |INFO |DEBUG: Tick end. Sleeping 1s...
2026-02-18 19:17:27 |INFO |DEBUG: Tick start...
2026-02-18 19:17:27 |INFO |DEBUG: Generating signal for ETH/USDC...
2026-02-18 19:17:27 |INFO |Subscription response: {"jsonrpc":"2.0","result":"0x45e4add372c60a638f3b521a4f3f63f2","id":1}

2026-02-18 19:17:32 |INFO |DEBUG PRICE: ETH/USDC | Size: 0.001 | CEX 1953.64/1953.65 | DEX Buy:1960.54 Sell:1948.77 | Sprd A (C->D): -24.97bps | Sprd B (D->C): -35.21bps
2026-02-18 19:17:32 |INFO |DEBUG: No signal generated (Spread too low or negative?)
2026-02-18 19:17:32 |INFO |DEBUG: Tick end. Sleeping 1s...
2026-02-18 19:17:33 |INFO |DEBUG: Tick start...
2026-02-18 19:17:33 |INFO |DEBUG: Generating signal for ETH/USDC...
2026-02-18 19:17:38 |INFO |DEBUG PRICE: ETH/USDC | Size: 0.001 | CEX 1954.40/1954.41 | DEX Buy:1960.54 Sell:1948.77 | Sprd A (C->D): -28.85bps | Sprd B (D->C): -31.34bps
2026-02-18 19:17:38 |INFO |DEBUG: No signal generated (Spread too low or negative?)
2026-02-18 19:17:38 |INFO |DEBUG: Tick end. Sleeping 1s...
2026-02-18 19:17:39 |INFO |DEBUG: Tick start...
2026-02-18 19:17:39 |INFO |DEBUG: Generating signal for ETH/USDC...
2026-02-18 19:17:45 |INFO |DEBUG PRICE: ETH/USDC | Size: 0.001 | CEX 1953.12/1953.13 | DEX Buy:1960.54 Sell:1948.77 | Sprd A (C->D): -22.31bps | Sprd B (D->C): -37.86bps
2026-02-18 19:17:45 |INFO |DEBUG: No signal generated (Spread too low or negative?)
2026-02-18 19:17:45 |INFO |DEBUG: Tick end. Sleeping 1s...
2026-02-18 19:17:46 |INFO |DEBUG: Tick start...
2026-02-18 19:17:46 |INFO |DEBUG: Generating signal for ETH/USDC...
2026-02-18 19:17:52 |INFO |DEBUG PRICE: ETH/USDC | Size: 0.001 | CEX 1952.98/1952.99 | DEX Buy:1960.54 Sell:1948.77 | Sprd A (C->D): -21.60bps | Sprd B (D->C): -38.58bps
2026-02-18 19:17:52 |INFO |DEBUG: No signal generated (Spread too low or negative?)
2026-02-18 19:17:52 |INFO |DEBUG: Tick end. Sleeping 1s...
2026-02-18 19:17:53 |INFO |DEBUG: Tick start...
2026-02-18 19:17:53 |INFO |DEBUG: Generating signal for ETH/USDC...
2026-02-18 19:17:58 |INFO |DEBUG PRICE: ETH/USDC | Size: 0.001 | CEX 1953.51/1953.52 | DEX Buy:1960.54 Sell:1948.77 | Sprd A (C->D): -24.30bps | Sprd B (D->C): -35.88bps
2026-02-18 19:17:58 |INFO |DEBUG: No signal generated (Spread too low or negative?)
2026-02-18 19:17:58 |INFO |DEBUG: Tick end. Sleeping 1s...
2026-02-18 19:17:59 |INFO |DEBUG: Tick start...
2026-02-18 19:17:59 |INFO |DEBUG: Generating signal for ETH/USDC...
2026-02-18 19:18:04 |INFO |DEBUG PRICE: ETH/USDC | Size: 0.001 | CEX 1953.13/1953.14 | DEX Buy:1960.54 Sell:1948.77 | Sprd A (C->D): -22.36bps | Sprd B (D->C): -37.81bps
2026-02-18 19:18:04 |INFO |DEBUG: No signal generated (Spread too low or negative?)
2026-02-18 19:18:04 |INFO |DEBUG: Tick end. Sleeping 1s...
2026-02-18 19:18:05 |INFO |DEBUG: Tick start...
2026-02-18 19:18:05 |INFO |DEBUG: Generating signal for ETH/USDC...
2026-02-18 19:18:10 |INFO |DEBUG PRICE: ETH/USDC | Size: 0.001 | CEX 1950.60/1950.61 | DEX Buy:1960.54 Sell:1948.77 | Sprd A (C->D): -9.42bps | Sprd B (D->C): -50.72bps
2026-02-18 19:18:10 |INFO |DEBUG: No signal generated (Spread too low or negative?)
2026-02-18 19:18:10 |INFO |DEBUG: Tick end. Sleeping 1s...
2026-02-18 19:18:11 |INFO |DEBUG: Tick start...
2026-02-18 19:18:11 |INFO |DEBUG: Generating signal for ETH/USDC...
2026-02-18 19:18:16 |INFO |DEBUG PRICE: ETH/USDC | Size: 0.001 | CEX 1950.61/1950.62 | DEX Buy:1960.54 Sell:1948.77 | Sprd A (C->D): -9.47bps | Sprd B (D->C): -50.67bps
2026-02-18 19:18:16 |INFO |DEBUG: No signal generated (Spread too low or negative?)
2026-02-18 19:18:16 |INFO |DEBUG: Tick end. Sleeping 1s...
2026-02-18 19:18:17 |INFO |DEBUG: Tick start...
2026-02-18 19:18:17 |INFO |DEBUG: Generating signal for ETH/USDC...
2026-02-18 19:18:22 |INFO |DEBUG PRICE: ETH/USDC | Size: 0.001 | CEX 1954.20/1954.21 | DEX Buy:1960.54 Sell:1948.77 | Sprd A (C->D): -27.83bps | Sprd B (D->C): -32.36bps
2026-02-18 19:18:22 |INFO |DEBUG: No signal generated (Spread too low or negative?)
2026-02-18 19:18:22 |INFO |DEBUG: Tick end. Sleeping 1s...
2026-02-18 19:18:23 |INFO |DEBUG: Tick start...
2026-02-18 19:18:23 |INFO |DEBUG: Generating signal for ETH/USDC...
2026-02-18 19:18:29 |INFO |DEBUG PRICE: ETH/USDC | Size: 0.001 | CEX 1952.95/1952.96 | DEX Buy:1960.54 Sell:1948.77 | Sprd A (C->D): -21.44bps | Sprd B (D->C): -38.73bps
2026-02-18 19:18:29 |INFO |DEBUG: No signal generated (Spread too low or negative?)
2026-02-18 19:18:29 |INFO |DEBUG: Tick end. Sleeping 1s...
2026-02-18 19:18:30 |INFO |DEBUG: Tick start...
2026-02-18 19:18:30 |INFO |DEBUG: Generating signal for ETH/USDC...
2026-02-18 19:18:35 |INFO |DEBUG PRICE: ETH/USDC | Size: 0.001 | CEX 1952.32/1952.33 | DEX Buy:1960.54 Sell:1948.77 | Sprd A (C->D): -18.22bps | Sprd B (D->C): -41.95bps
2026-02-18 19:18:35 |INFO |DEBUG: No signal generated (Spread too low or negative?)
2026-02-18 19:18:35 |INFO |DEBUG: Tick end. Sleeping 1s...
2026-02-18 19:18:36 |INFO |DEBUG: Tick start...
2026-02-18 19:18:36 |INFO |DEBUG: Generating signal for ETH/USDC...
2026-02-18 19:18:41 |INFO |DEBUG PRICE: ETH/USDC | Size: 0.001 | CEX 1953.40/1953.41 | DEX Buy:1960.54 Sell:1948.77 | Sprd A (C->D): -23.74bps | Sprd B (D->C): -36.44bps
2026-02-18 19:18:41 |INFO |DEBUG: No signal generated (Spread too low or negative?)
2026-02-18 19:18:41 |INFO |DEBUG: Tick end. Sleeping 1s...
2026-02-18 19:18:42 |INFO |DEBUG: Tick start...
2026-02-18 19:18:42 |INFO |DEBUG: Generating signal for ETH/USDC...
2026-02-18 19:18:47 |INFO |DEBUG PRICE: ETH/USDC | Size: 0.001 | CEX 1955.57/1955.58 | DEX Buy:1960.54 Sell:1948.77 | Sprd A (C->D): -34.81bps | Sprd B (D->C): -25.37bps
2026-02-18 19:18:47 |INFO |DEBUG: No signal generated (Spread too low or negative?)
2026-02-18 19:18:47 |INFO |DEBUG: Tick end. Sleeping 1s...
2026-02-18 19:18:48 |INFO |DEBUG: Tick start...
2026-02-18 19:18:48 |INFO |DEBUG: Generating signal for ETH/USDC...
2026-02-18 19:18:53 |INFO |DEBUG PRICE: ETH/USDC | Size: 0.001 | CEX 1955.44/1955.45 | DEX Buy:1960.54 Sell:1948.77 | Sprd A (C->D): -34.15bps | Sprd B (D->C): -26.03bps
2026-02-18 19:18:53 |INFO |DEBUG: No signal generated (Spread too low or negative?)
2026-02-18 19:18:53 |INFO |DEBUG: Tick end. Sleeping 1s...
2026-02-18 19:18:54 |INFO |DEBUG: Tick start...
2026-02-18 19:18:54 |INFO |DEBUG: Generating signal for ETH/USDC...
2026-02-18 19:19:00 |INFO |DEBUG PRICE: ETH/USDC | Size: 0.001 | CEX 1955.47/1955.48 | DEX Buy:1960.54 Sell:1948.77 | Sprd A (C->D): -34.30bps | Sprd B (D->C): -25.88bps
2026-02-18 19:19:00 |INFO |DEBUG: No signal generated (Spread too low or negative?)
2026-02-18 19:19:00 |INFO |DEBUG: Tick end. Sleeping 1s...
2026-02-18 19:19:01 |INFO |DEBUG: Tick start...
2026-02-18 19:19:01 |INFO |DEBUG: Generating signal for ETH/USDC...
2026-02-18 19:19:06 |INFO |DEBUG PRICE: ETH/USDC | Size: 0.001 | CEX 1955.33/1955.34 | DEX Buy:1960.54 Sell:1948.77 | Sprd A (C->D): -33.59bps | Sprd B (D->C): -26.60bps
2026-02-18 19:19:06 |INFO |DEBUG: No signal generated (Spread too low or negative?)
2026-02-18 19:19:06 |INFO |DEBUG: Tick end. Sleeping 1s...
2026-02-18 19:19:07 |INFO |DEBUG: Tick start...
2026-02-18 19:19:07 |INFO |DEBUG: Generating signal for ETH/USDC...
2026-02-18 19:19:12 |INFO |DEBUG PRICE: ETH/USDC | Size: 0.001 | CEX 1955.21/1955.22 | DEX Buy:1960.54 Sell:1948.77 | Sprd A (C->D): -32.98bps | Sprd B (D->C): -27.20bps
2026-02-18 19:19:12 |INFO |DEBUG: No signal generated (Spread too low or negative?)
2026-02-18 19:19:12 |INFO |DEBUG: Tick end. Sleeping 1s...
2026-02-18 19:19:13 |INFO |DEBUG: Tick start...
2026-02-18 19:19:13 |INFO |DEBUG: Generating signal for ETH/USDC...
2026-02-18 19:19:18 |INFO |DEBUG PRICE: ETH/USDC | Size: 0.001 | CEX 1954.56/1954.57 | DEX Buy:1960.54 Sell:1948.77 | Sprd A (C->D): -29.66bps | Sprd B (D->C): -30.52bps
2026-02-18 19:19:18 |INFO |DEBUG: No signal generated (Spread too low or negative?)
2026-02-18 19:19:18 |INFO |DEBUG: Tick end. Sleeping 1s...
2026-02-18 19:19:19 |INFO |DEBUG: Tick start...
2026-02-18 19:19:19 |CRITICAL |KILL SWITCH ACTIVE - STOPPING
2026-02-18 19:19:19 |INFO |Bot stopping...
2026-02-18 19:19:19 |INFO |DEBUG: Tick end. Sleeping 1s...
